DISTRITO_NORM,PROVINCIA_NORM,ANIO,MES,ESTRATO,PRODUCCION
ALTO SELVA ALEGRE,AREQUIPA,2021,1,PEQUEÑO PRODUCTOR MINERO,5200.0
ALTO SELVA ALEGRE,AREQUIPA,2021,2,PEQUEÑO PRODUCTOR MINERO,200.0
ALTO SELVA ALEGRE,AREQUIPA,2021,3,PEQUEÑO PRODUCTOR MINERO,6000.0
ALTO SELVA ALEGRE,AREQUIPA,2021,4,PEQUEÑO PRODUCTOR MINERO,1800.0
ALTO SELVA ALEGRE,AREQUIPA,2021,5,PEQUEÑO PRODUCTOR MINERO,3700.0
ALTO SELVA ALEGRE,AREQUIPA,2021,6,PEQUEÑO PRODUCTOR MINERO,40.0
ALTO SELVA ALEGRE,AREQUIPA,2021,7,PEQUEÑO PRODUCTOR MINERO,1600.0
ALTO SELVA ALEGRE,AREQUIPA,2021,8,PEQUEÑO PRODUCTOR MINERO,700.0
ALTO SELVA ALEGRE,AREQUIPA,2021,9,PEQUEÑO PRODUCTOR MINERO,40.0
ALTO SELVA ALEGRE,AREQUIPA,2021,10,PEQUEÑO PRODUCTOR MINERO,40.0
ALTO SELVA ALEGRE,AREQUIPA,2021,11,PEQUEÑO PRODUCTOR MINERO,40.0
ALTO SELVA ALEGRE,AREQUIPA,2021,12,PEQUEÑO PRODUCTOR MINERO,40.0
ALTO SELVA ALEGRE,AREQUIPA,2022,1,PEQUEÑO PRODUCTOR MINERO,40.0
ALTO SELVA ALEGRE,AREQUIPA,2022,2,PEQUEÑO PRODUCTOR MINERO,40.0
ALTO SELVA ALEGRE,AREQUIPA,2022,3,PEQUEÑO PRODUCTOR MINERO,154.0
ALTO SELVA ALEGRE,AREQUIPA,2022,4,PEQUEÑO PRODUCTOR MINERO,50.0
ALTO SELVA ALEGRE,AREQUIPA,2022,5,PEQUEÑO PRODUCTOR MINERO,650.0
ALTO SELVA ALEGRE,AREQUIPA,2022,6,PEQUEÑO PRODUCTOR MINERO,400.0
ALTO SELVA ALEGRE,AREQUIPA,2022,7,PEQUEÑO PRODUCTOR MINERO,900.0
ALTO SELVA ALEGRE,AREQUIPA,2022,8,PEQUEÑO PRODUCTOR MINERO,1800.0
ALTO SELVA ALEGRE,AREQUIPA,2022,9,PEQUEÑO PRODUCTOR MINERO,80.0
ALTO SELVA ALEGRE,AREQUIPA,2022,10,PEQUEÑO PRODUCTOR MINERO,1300.0
ALTO SELVA ALEGRE,AREQUIPA,2022,11,PEQUEÑO PRODUCTOR MINERO,40.0
ALTO SELVA ALEGRE,AREQUIPA,2022,12,PEQUEÑO PRODUCTOR MINERO,40.0
ALTO SELVA ALEGRE,AREQUIPA,2023,1,PEQUEÑO PRODUCTOR MINERO,40.0
ALTO SELVA ALEGRE,AREQUIPA,2023,2,PEQUEÑO PRODUCTOR MINERO,40.0
ALTO SELVA ALEGRE,AREQUIPA,2023,3,PEQUEÑO PRODUCTOR MINERO,40.0
ALTO SELVA ALEGRE,AREQUIPA,2023,4,PEQUEÑO PRODUCTOR MINERO,40.0
ALTO SELVA ALEGRE,AREQUIPA,2023,5,PEQUEÑO PRODUCTOR MINERO,5500.0
ALTO SELVA ALEGRE,AREQUIPA,2023,6,PEQUEÑO PRODUCTOR MINERO,6500.0
ALTO SELVA ALEGRE,AREQUIPA,2023,7,PEQUEÑO PRODUCTOR MINERO,6500.0
ALTO SELVA ALEGRE,AREQUIPA,2023,8,PEQUEÑO PRODUCTOR MINERO,6500.0
ALTO SELVA ALEGRE,AREQUIPA,2023,9,PEQUEÑO PRODUCTOR MINERO,40.0
ALTO SELVA ALEGRE,AREQUIPA,2023,10,PEQUEÑO PRODUCTOR MINERO,13000.0
ALTO SELVA ALEGRE,AREQUIPA,2023,11,PEQUEÑO PRODUCTOR MINERO,9200.0
ALTO SELVA ALEGRE,AREQUIPA,2023,12,PEQUEÑO PRODUCTOR MINERO,1400.0
ALTO SELVA ALEGRE,AREQUIPA,2024,1,PEQUEÑO PRODUCTOR MINERO,40.0
ALTO SELVA ALEGRE,AREQUIPA,2024,2,PEQUEÑO PRODUCTOR MINERO,40.0
ALTO SELVA ALEGRE,AREQUIPA,2024,3,PEQUEÑO PRODUCTOR MINERO,700.0
ALTO SELVA ALEGRE,AREQUIPA,2024,4,PEQUEÑO PRODUCTOR MINERO,3100.0
ALTO SELVA ALEGRE,AREQUIPA,2024,5,PEQUEÑO PRODUCTOR MINERO,160.0
ALTO SELVA ALEGRE,AREQUIPA,2024,6,PEQUEÑO PRODUCTOR MINERO,2000.0
ALTO SELVA ALEGRE,AREQUIPA,2024,7,PEQUEÑO PRODUCTOR MINERO,650.0
ALTO SELVA ALEGRE,AREQUIPA,2024,8,PEQUEÑO PRODUCTOR MINERO,40.0
ALTO SELVA ALEGRE,AREQUIPA,2024,9,PEQUEÑO PRODUCTOR MINERO,40.0
ALTO SELVA ALEGRE,AREQUIPA,2024,10,PEQUEÑO PRODUCTOR MINERO,850.0
ALTO SELVA ALEGRE,AREQUIPA,2024,11,PEQUEÑO PRODUCTOR MINERO,800.0
ALTO SELVA ALEGRE,AREQUIPA,2024,12,PEQUEÑO PRODUCTOR MINERO,1700.0
CALLALLI,CAYLLOMA,2021,1,RÉGIMEN GENERAL,28320.0
CALLALLI,CAYLLOMA,2021,2,RÉGIMEN GENERAL,22410.0
CALLALLI,CAYLLOMA,2021,3,RÉGIMEN GENERAL,21720.0
CALLALLI,CAYLLOMA,2021,4,RÉGIMEN GENERAL,19560.0
CALLALLI,CAYLLOMA,2021,5,RÉGIMEN GENERAL,32460.0
CALLALLI,CAYLLOMA,2021,6,RÉGIMEN GENERAL,30810.0
CALLALLI,CAYLLOMA,2021,7,RÉGIMEN GENERAL,32910.0
CALLALLI,CAYLLOMA,2021,8,RÉGIMEN GENERAL,30178.35
CALLALLI,CAYLLOMA,2021,9,RÉGIMEN GENERAL,48808.0
CALLALLI,CAYLLOMA,2021,10,RÉGIMEN GENERAL,30576.56
CALLALLI,CAYLLOMA,2021,11,RÉGIMEN GENERAL,32220.0
CALLALLI,CAYLLOMA,2021,12,RÉGIMEN GENERAL,26490.0
CALLALLI,CAYLLOMA,2022,1,RÉGIMEN GENERAL,30888.0
CALLALLI,CAYLLOMA,2022,2,RÉGIMEN GENERAL,35673.0
CALLALLI,CAYLLOMA,2022,3,RÉGIMEN GENERAL,18018.0
CALLALLI,CAYLLOMA,2022,4,RÉGIMEN GENERAL,1815.0
CALLALLI,CAYLLOMA,2022,5,RÉGIMEN GENERAL,693.0
CALLALLI,CAYLLOMA,2022,6,RÉGIMEN GENERAL,34557.0
CALLALLI,CAYLLOMA,2022,7,RÉGIMEN GENERAL,28545.0
CALLALLI,CAYLLOMA,2022,8,RÉGIMEN GENERAL,31995.0
CALLALLI,CAYLLOMA,2022,9,RÉGIMEN GENERAL,24651.0
CALLALLI,CAYLLOMA,2022,10,RÉGIMEN GENERAL,29799.0
CALLALLI,CAYLLOMA,2022,11,RÉGIMEN GENERAL,10758.0
CALLALLI,CAYLLOMA,2022,12,RÉGIMEN GENERAL,0.0
CALLALLI,CAYLLOMA,2023,1,RÉGIMEN GENERAL,11477.0
CALLALLI,CAYLLOMA,2023,2,RÉGIMEN GENERAL,50011.0
CALLALLI,CAYLLOMA,2023,3,RÉGIMEN GENERAL,48000.0
CALLALLI,CAYLLOMA,2023,4,RÉGIMEN GENERAL,6120.0
CALLALLI,CAYLLOMA,2023,5,RÉGIMEN GENERAL,14346.0
CALLALLI,CAYLLOMA,2023,6,RÉGIMEN GENERAL,25159.0
CALLALLI,CAYLLOMA,2023,7,RÉGIMEN GENERAL,21987.0
CALLALLI,CAYLLOMA,2023,8,RÉGIMEN GENERAL,29040.0
CALLALLI,CAYLLOMA,2023,9,RÉGIMEN GENERAL,17520.0
CALLALLI,CAYLLOMA,2023,10,RÉGIMEN GENERAL,14460.0
CALLALLI,CAYLLOMA,2023,11,RÉGIMEN GENERAL,23580.0
CALLALLI,CAYLLOMA,2023,12,RÉGIMEN GENERAL,24120.0
CALLALLI,CAYLLOMA,2024,1,RÉGIMEN GENERAL,26378.0
CALLALLI,CAYLLOMA,2024,2,RÉGIMEN GENERAL,6652.06
CALLALLI,CAYLLOMA,2024,3,RÉGIMEN GENERAL,1850.0
CALLALLI,CAYLLOMA,2024,4,RÉGIMEN GENERAL,1105.0
CALLALLI,CAYLLOMA,2024,5,RÉGIMEN GENERAL,3930.0
CALLALLI,CAYLLOMA,2024,6,RÉGIMEN GENERAL,2535.0
CALLALLI,CAYLLOMA,2024,7,RÉGIMEN GENERAL,16040.0
CALLALLI,CAYLLOMA,2024,8,RÉGIMEN GENERAL,22595.0
CALLALLI,CAYLLOMA,2024,9,RÉGIMEN GENERAL,3815.0
CALLALLI,CAYLLOMA,2024,10,RÉGIMEN GENERAL,22335.42
CALLALLI,CAYLLOMA,2024,11,RÉGIMEN GENERAL,0.0
CALLALLI,CAYLLOMA,2024,12,RÉGIMEN GENERAL,0.0
CERRO COLORADO,AREQUIPA,2021,1,PEQUEÑO PRODUCTOR MINERO,801.0
CERRO COLORADO,AREQUIPA,2021,1,PRODUCTOR MINERO ARTESANAL,0.0
CERRO COLORADO,AREQUIPA,2021,2,PEQUEÑO PRODUCTOR MINERO,0.0
CERRO COLORADO,AREQUIPA,2021,2,PRODUCTOR MINERO ARTESANAL,0.0
CERRO COLORADO,AREQUIPA,2021,3,PEQUEÑO PRODUCTOR MINERO,0.0
CERRO COLORADO,AREQUIPA,2021,3,PRODUCTOR MINERO ARTESANAL,0.0
CERRO COLORADO,AREQUIPA,2021,4,PEQUEÑO PRODUCTOR MINERO,0.0
CERRO COLORADO,AREQUIPA,2021,4,PRODUCTOR MINERO ARTESANAL,0.0
CERRO COLORADO,AREQUIPA,2021,5,PEQUEÑO PRODUCTOR MINERO,0.0
CERRO COLORADO,AREQUIPA,2021,5,PRODUCTOR MINERO ARTESANAL,0.0
CERRO COLORADO,AREQUIPA,2021,6,PEQUEÑO PRODUCTOR MINERO,0.0
CERRO COLORADO,AREQUIPA,2021,6,PRODUCTOR MINERO ARTESANAL,0.0
CERRO COLORADO,AREQUIPA,2021,7,PEQUEÑO PRODUCTOR MINERO,0.0
CERRO COLORADO,AREQUIPA,2021,7,PRODUCTOR MINERO ARTESANAL,0.0
CERRO COLORADO,AREQUIPA,2021,8,PEQUEÑO PRODUCTOR MINERO,0.0
CERRO COLORADO,AREQUIPA,2021,8,PRODUCTOR MINERO ARTESANAL,0.0
CERRO COLORADO,AREQUIPA,2021,9,PEQUEÑO PRODUCTOR MINERO,0.0
CERRO COLORADO,AREQUIPA,2021,9,PRODUCTOR MINERO ARTESANAL,0.0
CERRO COLORADO,AREQUIPA,2021,10,PEQUEÑO PRODUCTOR MINERO,1286.0
CERRO COLORADO,AREQUIPA,2021,10,PRODUCTOR MINERO ARTESANAL,343.0
CERRO COLORADO,AREQUIPA,2021,11,PEQUEÑO PRODUCTOR MINERO,1280.0
CERRO COLORADO,AREQUIPA,2021,11,PRODUCTOR MINERO ARTESANAL,480.0
CERRO COLORADO,AREQUIPA,2021,12,PEQUEÑO PRODUCTOR MINERO,0.0
CERRO COLORADO,AREQUIPA,2021,12,PRODUCTOR MINERO ARTESANAL,0.0
CERRO COLORADO,AREQUIPA,2022,1,PEQUEÑO PRODUCTOR MINERO,656.0
CERRO COLORADO,AREQUIPA,2022,1,PRODUCTOR MINERO ARTESANAL,0.0
CERRO COLORADO,AREQUIPA,2022,1,RÉGIMEN GENERAL,573.0
CERRO COLORADO,AREQUIPA,2022,2,PEQUEÑO PRODUCTOR MINERO,527.0
CERRO COLORADO,AREQUIPA,2022,2,PRODUCTOR MINERO ARTESANAL,0.0
CERRO COLORADO,AREQUIPA,2022,2,RÉGIMEN GENERAL,714.0
CERRO COLORADO,AREQUIPA,2022,3,PEQUEÑO PRODUCTOR MINERO,0.0
CERRO COLORADO,AREQUIPA,2022,3,PRODUCTOR MINERO ARTESANAL,59.5
CERRO COLORADO,AREQUIPA,2022,3,RÉGIMEN GENERAL,581.4
CERRO COLORADO,AREQUIPA,2022,4,PEQUEÑO PRODUCTOR MINERO,1047.0
CERRO COLORADO,AREQUIPA,2022,4,PRODUCTOR MINERO ARTESANAL,316.0
CERRO COLORADO,AREQUIPA,2022,4,RÉGIMEN GENERAL,305.0
CERRO COLORADO,AREQUIPA,2022,5,PEQUEÑO PRODUCTOR MINERO,0.0
CERRO COLORADO,AREQUIPA,2022,5,PRODUCTOR MINERO ARTESANAL,280.0
CERRO COLORADO,AREQUIPA,2022,5,RÉGIMEN GENERAL,0.0
CERRO COLORADO,AREQUIPA,2022,6,PEQUEÑO PRODUCTOR MINERO,0.0
CERRO COLORADO,AREQUIPA,2022,6,PRODUCTOR MINERO ARTESANAL,858.0
CERRO COLORADO,AREQUIPA,2022,6,RÉGIMEN GENERAL,783.0
CERRO COLORADO,AREQUIPA,2022,7,PEQUEÑO PRODUCTOR MINERO,2039.0
CERRO COLORADO,AREQUIPA,2022,7,PRODUCTOR MINERO ARTESANAL,318.0
CERRO COLORADO,AREQUIPA,2022,7,RÉGIMEN GENERAL,123.0
CERRO COLORADO,AREQUIPA,2022,8,PEQUEÑO PRODUCTOR MINERO,2979.0
CERRO COLORADO,AREQUIPA,2022,8,PRODUCTOR MINERO ARTESANAL,824.0
CERRO COLORADO,AREQUIPA,2022,8,RÉGIMEN GENERAL,153.0
CERRO COLORADO,AREQUIPA,2022,9,PEQUEÑO PRODUCTOR MINERO,4000.0
CERRO COLORADO,AREQUIPA,2022,9,PRODUCTOR MINERO ARTESANAL,2241.0
CERRO COLORADO,AREQUIPA,2022,9,RÉGIMEN GENERAL,220.0
CERRO COLORADO,AREQUIPA,2022,10,PEQUEÑO PRODUCTOR MINERO,0.0
CERRO COLORADO,AREQUIPA,2022,10,PRODUCTOR MINERO ARTESANAL,1200.0
CERRO COLORADO,AREQUIPA,2022,10,RÉGIMEN GENERAL,165.0
CERRO COLORADO,AREQUIPA,2022,11,PEQUEÑO PRODUCTOR MINERO,361.0
CERRO COLORADO,AREQUIPA,2022,11,PRODUCTOR MINERO ARTESANAL,1760.0
CERRO COLORADO,AREQUIPA,2022,11,RÉGIMEN GENERAL,348.0
CERRO COLORADO,AREQUIPA,2022,12,PEQUEÑO PRODUCTOR MINERO,0.0
CERRO COLORADO,AREQUIPA,2022,12,PRODUCTOR MINERO ARTESANAL,3046.0
CERRO COLORADO,AREQUIPA,2022,12,RÉGIMEN GENERAL,454.0
CERRO COLORADO,AREQUIPA,2023,1,PEQUEÑO PRODUCTOR MINERO,2260.0
CERRO COLORADO,AREQUIPA,2023,1,PRODUCTOR MINERO ARTESANAL,0.0
CERRO COLORADO,AREQUIPA,2023,2,PEQUEÑO PRODUCTOR MINERO,1768.0
CERRO COLORADO,AREQUIPA,2023,2,PRODUCTOR MINERO ARTESANAL,0.0
CERRO COLORADO,AREQUIPA,2023,3,PEQUEÑO PRODUCTOR MINERO,2238.0
CERRO COLORADO,AREQUIPA,2023,3,PRODUCTOR MINERO ARTESANAL,0.0
CERRO COLORADO,AREQUIPA,2023,4,PEQUEÑO PRODUCTOR MINERO,3150.0
CERRO COLORADO,AREQUIPA,2023,4,PRODUCTOR MINERO ARTESANAL,1168.0
CERRO COLORADO,AREQUIPA,2023,5,PEQUEÑO PRODUCTOR MINERO,335.0
CERRO COLORADO,AREQUIPA,2023,5,PRODUCTOR MINERO ARTESANAL,0.0
CERRO COLORADO,AREQUIPA,2023,6,PEQUEÑO PRODUCTOR MINERO,1750.0
CERRO COLORADO,AREQUIPA,2023,6,PRODUCTOR MINERO ARTESANAL,0.0
CERRO COLORADO,AREQUIPA,2023,7,PEQUEÑO PRODUCTOR MINERO,2891.0
CERRO COLORADO,AREQUIPA,2023,7,PRODUCTOR MINERO ARTESANAL,0.0
CERRO COLORADO,AREQUIPA,2023,8,PEQUEÑO PRODUCTOR MINERO,3429.0
CERRO COLORADO,AREQUIPA,2023,8,PRODUCTOR MINERO ARTESANAL,0.0
CERRO COLORADO,AREQUIPA,2023,9,PEQUEÑO PRODUCTOR MINERO,123.0
CERRO COLORADO,AREQUIPA,2023,9,PRODUCTOR MINERO ARTESANAL,1848.0
CERRO COLORADO,AREQUIPA,2023,10,PEQUEÑO PRODUCTOR MINERO,7181.0
CERRO COLORADO,AREQUIPA,2023,10,PRODUCTOR MINERO ARTESANAL,1038.0
CERRO COLORADO,AREQUIPA,2023,11,PEQUEÑO PRODUCTOR MINERO,1450.0
CERRO COLORADO,AREQUIPA,2023,11,PRODUCTOR MINERO ARTESANAL,210.0
CERRO COLORADO,AREQUIPA,2023,12,PEQUEÑO PRODUCTOR MINERO,2331.0
CERRO COLORADO,AREQUIPA,2023,12,PRODUCTOR MINERO ARTESANAL,34.0
CERRO COLORADO,AREQUIPA,2024,1,PEQUEÑO PRODUCTOR MINERO,1355.0
CERRO COLORADO,AREQUIPA,2024,1,PRODUCTOR MINERO ARTESANAL,32.0
CERRO COLORADO,AREQUIPA,2024,1,RÉGIMEN GENERAL,750.0
CERRO COLORADO,AREQUIPA,2024,2,PEQUEÑO PRODUCTOR MINERO,2227.0
CERRO COLORADO,AREQUIPA,2024,2,PRODUCTOR MINERO ARTESANAL,204.0
CERRO COLORADO,AREQUIPA,2024,2,RÉGIMEN GENERAL,100.0
CERRO COLORADO,AREQUIPA,2024,3,PEQUEÑO PRODUCTOR MINERO,2050.0
CERRO COLORADO,AREQUIPA,2024,3,PRODUCTOR MINERO ARTESANAL,510.0
CERRO COLORADO,AREQUIPA,2024,3,RÉGIMEN GENERAL,0.0
CERRO COLORADO,AREQUIPA,2024,4,PEQUEÑO PRODUCTOR MINERO,2940.0
CERRO COLORADO,AREQUIPA,2024,4,PRODUCTOR MINERO ARTESANAL,0.0
CERRO COLORADO,AREQUIPA,2024,4,RÉGIMEN GENERAL,0.0
CERRO COLORADO,AREQUIPA,2024,5,PEQUEÑO PRODUCTOR MINERO,378.0
CERRO COLORADO,AREQUIPA,2024,5,PRODUCTOR MINERO ARTESANAL,51.0
CERRO COLORADO,AREQUIPA,2024,5,RÉGIMEN GENERAL,255.0
CERRO COLORADO,AREQUIPA,2024,6,PEQUEÑO PRODUCTOR MINERO,6465.0
CERRO COLORADO,AREQUIPA,2024,6,PRODUCTOR MINERO ARTESANAL,941.0
CERRO COLORADO,AREQUIPA,2024,6,RÉGIMEN GENERAL,177.0
CERRO COLORADO,AREQUIPA,2024,7,PEQUEÑO PRODUCTOR MINERO,7755.0
CERRO COLORADO,AREQUIPA,2024,7,PRODUCTOR MINERO ARTESANAL,790.0
CERRO COLORADO,AREQUIPA,2024,7,RÉGIMEN GENERAL,184.0
CERRO COLORADO,AREQUIPA,2024,8,PEQUEÑO PRODUCTOR MINERO,943.5
CERRO COLORADO,AREQUIPA,2024,8,PRODUCTOR MINERO ARTESANAL,0.0
CERRO COLORADO,AREQUIPA,2024,8,RÉGIMEN GENERAL,342.0
CERRO COLORADO,AREQUIPA,2024,9,PEQUEÑO PRODUCTOR MINERO,590.0
CERRO COLORADO,AREQUIPA,2024,9,PRODUCTOR MINERO ARTESANAL,0.0
CERRO COLORADO,AREQUIPA,2024,9,RÉGIMEN GENERAL,254.0
CERRO COLORADO,AREQUIPA,2024,10,PEQUEÑO PRODUCTOR MINERO,505.0
CERRO COLORADO,AREQUIPA,2024,10,PRODUCTOR MINERO ARTESANAL,0.0
CERRO COLORADO,AREQUIPA,2024,10,RÉGIMEN GENERAL,280.0
CERRO COLORADO,AREQUIPA,2024,11,PEQUEÑO PRODUCTOR MINERO,198.0
CERRO COLORADO,AREQUIPA,2024,11,PRODUCTOR MINERO ARTESANAL,0.0
CERRO COLORADO,AREQUIPA,2024,11,RÉGIMEN GENERAL,0.0
CERRO COLORADO,AREQUIPA,2024,12,PEQUEÑO PRODUCTOR MINERO,1647.0
CERRO COLORADO,AREQUIPA,2024,12,PRODUCTOR MINERO ARTESANAL,318.0
CERRO COLORADO,AREQUIPA,2024,12,RÉGIMEN GENERAL,0.0
CHAPARRA,CARAVELI,2021,1,PEQUEÑO PRODUCTOR MINERO,0.0
CHAPARRA,CARAVELI,2021,1,RÉGIMEN GENERAL,1050.0
CHAPARRA,CARAVELI,2021,2,PEQUEÑO PRODUCTOR MINERO,0.0
CHAPARRA,CARAVELI,2021,2,RÉGIMEN GENERAL,2350.0
CHAPARRA,CARAVELI,2021,3,PEQUEÑO PRODUCTOR MINERO,0.0
CHAPARRA,CARAVELI,2021,3,RÉGIMEN GENERAL,1500.0
CHAPARRA,CARAVELI,2021,4,PEQUEÑO PRODUCTOR MINERO,0.0
CHAPARRA,CARAVELI,2021,4,RÉGIMEN GENERAL,520.0
CHAPARRA,CARAVELI,2021,5,PEQUEÑO PRODUCTOR MINERO,60.0
CHAPARRA,CARAVELI,2021,5,RÉGIMEN GENERAL,1198.0
CHAPARRA,CARAVELI,2021,6,PEQUEÑO PRODUCTOR MINERO,0.0
CHAPARRA,CARAVELI,2021,6,RÉGIMEN GENERAL,873.0
CHAPARRA,CARAVELI,2021,7,PEQUEÑO PRODUCTOR MINERO,0.0
CHAPARRA,CARAVELI,2021,7,RÉGIMEN GENERAL,765.0
CHAPARRA,CARAVELI,2021,8,PEQUEÑO PRODUCTOR MINERO,30.0
CHAPARRA,CARAVELI,2021,8,RÉGIMEN GENERAL,285.0
CHAPARRA,CARAVELI,2021,9,PEQUEÑO PRODUCTOR MINERO,10.0
CHAPARRA,CARAVELI,2021,9,RÉGIMEN GENERAL,387.0
CHAPARRA,CARAVELI,2021,10,PEQUEÑO PRODUCTOR MINERO,60.0
CHAPARRA,CARAVELI,2021,10,RÉGIMEN GENERAL,595.0
CHAPARRA,CARAVELI,2021,11,PEQUEÑO PRODUCTOR MINERO,280.0
CHAPARRA,CARAVELI,2021,11,RÉGIMEN GENERAL,620.0
CHAPARRA,CARAVELI,2021,12,PEQUEÑO PRODUCTOR MINERO,1817.0
CHAPARRA,CARAVELI,2021,12,RÉGIMEN GENERAL,370.0
CHAPARRA,CARAVELI,2022,1,PEQUEÑO PRODUCTOR MINERO,0.0
CHAPARRA,CARAVELI,2022,1,RÉGIMEN GENERAL,515.0
CHAPARRA,CARAVELI,2022,2,PEQUEÑO PRODUCTOR MINERO,0.0
CHAPARRA,CARAVELI,2022,2,RÉGIMEN GENERAL,400.0
CHAPARRA,CARAVELI,2022,3,PEQUEÑO PRODUCTOR MINERO,150.0
CHAPARRA,CARAVELI,2022,3,RÉGIMEN GENERAL,360.0
CHAPARRA,CARAVELI,2022,4,PEQUEÑO PRODUCTOR MINERO,0.0
CHAPARRA,CARAVELI,2022,4,RÉGIMEN GENERAL,750.0
CHAPARRA,CARAVELI,2022,5,PEQUEÑO PRODUCTOR MINERO,60.0
CHAPARRA,CARAVELI,2022,5,RÉGIMEN GENERAL,825.0
CHAPARRA,CARAVELI,2022,6,PEQUEÑO PRODUCTOR MINERO,340.0
CHAPARRA,CARAVELI,2022,6,RÉGIMEN GENERAL,215.0
CHAPARRA,CARAVELI,2022,7,PEQUEÑO PRODUCTOR MINERO,20.0
CHAPARRA,CARAVELI,2022,7,RÉGIMEN GENERAL,265.0
CHAPARRA,CARAVELI,2022,8,PEQUEÑO PRODUCTOR MINERO,0.0
CHAPARRA,CARAVELI,2022,8,RÉGIMEN GENERAL,250.0
CHAPARRA,CARAVELI,2022,9,PEQUEÑO PRODUCTOR MINERO,0.0
CHAPARRA,CARAVELI,2022,9,RÉGIMEN GENERAL,230.0
CHAPARRA,CARAVELI,2022,10,PEQUEÑO PRODUCTOR MINERO,190.0
CHAPARRA,CARAVELI,2022,10,RÉGIMEN GENERAL,435.0
CHAPARRA,CARAVELI,2022,11,PEQUEÑO PRODUCTOR MINERO,320.0
CHAPARRA,CARAVELI,2022,11,RÉGIMEN GENERAL,260.0
CHAPARRA,CARAVELI,2022,12,PEQUEÑO PRODUCTOR MINERO,10.0
CHAPARRA,CARAVELI,2022,12,RÉGIMEN GENERAL,80.0
CHAPARRA,CARAVELI,2023,1,RÉGIMEN GENERAL,105.0
CHAPARRA,CARAVELI,2023,2,RÉGIMEN GENERAL,231.0
CHAPARRA,CARAVELI,2023,3,RÉGIMEN GENERAL,110.0
CHAPARRA,CARAVELI,2023,4,RÉGIMEN GENERAL,345.0
CHAPARRA,CARAVELI,2023,5,RÉGIMEN GENERAL,272.0
CHAPARRA,CARAVELI,2023,6,RÉGIMEN GENERAL,385.0
CHAPARRA,CARAVELI,2023,7,RÉGIMEN GENERAL,375.0
CHAPARRA,CARAVELI,2023,8,RÉGIMEN GENERAL,187.0
CHAPARRA,CARAVELI,2023,9,RÉGIMEN GENERAL,250.0
CHAPARRA,CARAVELI,2023,10,RÉGIMEN GENERAL,386.0
CHAPARRA,CARAVELI,2023,11,RÉGIMEN GENERAL,375.0
CHAPARRA,CARAVELI,2023,12,RÉGIMEN GENERAL,345.0
CHAPARRA,CARAVELI,2024,1,RÉGIMEN GENERAL,242.0
CHAPARRA,CARAVELI,2024,2,RÉGIMEN GENERAL,210.0
CHAPARRA,CARAVELI,2024,3,RÉGIMEN GENERAL,297.0
CHAPARRA,CARAVELI,2024,4,RÉGIMEN GENERAL,301.0
CHAPARRA,CARAVELI,2024,5,RÉGIMEN GENERAL,388.0
CHAPARRA,CARAVELI,2024,6,RÉGIMEN GENERAL,187.0
CHAPARRA,CARAVELI,2024,7,RÉGIMEN GENERAL,239.0
CHAPARRA,CARAVELI,2024,8,RÉGIMEN GENERAL,209.0
CHAPARRA,CARAVELI,2024,9,RÉGIMEN GENERAL,349.0
CHAPARRA,CARAVELI,2024,10,RÉGIMEN GENERAL,311.0
CHAPARRA,CARAVELI,2024,11,RÉGIMEN GENERAL,133.0
CHAPARRA,CARAVELI,2024,12,RÉGIMEN GENERAL,705.0
COCACHACRA,ISLAY,2021,1,PEQUEÑO PRODUCTOR MINERO,9202.380000000001
COCACHACRA,ISLAY,2021,1,PRODUCTOR MINERO ARTESANAL,0.0
COCACHACRA,ISLAY,2021,2,PEQUEÑO PRODUCTOR MINERO,8390.25
COCACHACRA,ISLAY,2021,2,PRODUCTOR MINERO ARTESANAL,0.0
COCACHACRA,ISLAY,2021,3,PEQUEÑO PRODUCTOR MINERO,6779.2
COCACHACRA,ISLAY,2021,3,PRODUCTOR MINERO ARTESANAL,0.0
COCACHACRA,ISLAY,2021,4,PEQUEÑO PRODUCTOR MINERO,10808.24
COCACHACRA,ISLAY,2021,4,PRODUCTOR MINERO ARTESANAL,2163.3
COCACHACRA,ISLAY,2021,5,PEQUEÑO PRODUCTOR MINERO,3541.52
COCACHACRA,ISLAY,2021,5,PRODUCTOR MINERO ARTESANAL,1423.36
COCACHACRA,ISLAY,2021,6,PEQUEÑO PRODUCTOR MINERO,8980.64
COCACHACRA,ISLAY,2021,6,PRODUCTOR MINERO ARTESANAL,1563.37
COCACHACRA,ISLAY,2021,7,PEQUEÑO PRODUCTOR MINERO,7407.639999999999
COCACHACRA,ISLAY,2021,7,PRODUCTOR MINERO ARTESANAL,1681.0
COCACHACRA,ISLAY,2021,8,PEQUEÑO PRODUCTOR MINERO,7728.629999999999
COCACHACRA,ISLAY,2021,8,PRODUCTOR MINERO ARTESANAL,1507.8
COCACHACRA,ISLAY,2021,9,PEQUEÑO PRODUCTOR MINERO,8896.69
COCACHACRA,ISLAY,2021,9,PRODUCTOR MINERO ARTESANAL,1542.0
COCACHACRA,ISLAY,2021,10,PEQUEÑO PRODUCTOR MINERO,7311.67
COCACHACRA,ISLAY,2021,10,PRODUCTOR MINERO ARTESANAL,1507.0
COCACHACRA,ISLAY,2021,11,PEQUEÑO PRODUCTOR MINERO,7178.0599999999995
COCACHACRA,ISLAY,2021,11,PRODUCTOR MINERO ARTESANAL,1592.0
COCACHACRA,ISLAY,2021,12,PEQUEÑO PRODUCTOR MINERO,7732.35
COCACHACRA,ISLAY,2021,12,PRODUCTOR MINERO ARTESANAL,1550.88
COCACHACRA,ISLAY,2022,1,PEQUEÑO PRODUCTOR MINERO,8874.42
COCACHACRA,ISLAY,2022,1,PRODUCTOR MINERO ARTESANAL,2329.0
COCACHACRA,ISLAY,2022,1,RÉGIMEN GENERAL,249.0
COCACHACRA,ISLAY,2022,2,PEQUEÑO PRODUCTOR MINERO,4652.0
COCACHACRA,ISLAY,2022,2,PRODUCTOR MINERO ARTESANAL,2038.31
COCACHACRA,ISLAY,2022,2,RÉGIMEN GENERAL,724.0
COCACHACRA,ISLAY,2022,3,PEQUEÑO PRODUCTOR MINERO,10527.26
COCACHACRA,ISLAY,2022,3,PRODUCTOR MINERO ARTESANAL,2433.0
COCACHACRA,ISLAY,2022,3,RÉGIMEN GENERAL,267.0
COCACHACRA,ISLAY,2022,4,PEQUEÑO PRODUCTOR MINERO,7792.99
COCACHACRA,ISLAY,2022,4,PRODUCTOR MINERO ARTESANAL,2160.0
COCACHACRA,ISLAY,2022,4,RÉGIMEN GENERAL,900.0
COCACHACRA,ISLAY,2022,5,PEQUEÑO PRODUCTOR MINERO,10649.16
COCACHACRA,ISLAY,2022,5,PRODUCTOR MINERO ARTESANAL,2432.02
COCACHACRA,ISLAY,2022,5,RÉGIMEN GENERAL,270.0
COCACHACRA,ISLAY,2022,6,PEQUEÑO PRODUCTOR MINERO,1726.02
COCACHACRA,ISLAY,2022,6,PRODUCTOR MINERO ARTESANAL,494.69
COCACHACRA,ISLAY,2022,6,RÉGIMEN GENERAL,202.5
COCACHACRA,ISLAY,2022,7,PEQUEÑO PRODUCTOR MINERO,9066.68
COCACHACRA,ISLAY,2022,7,PRODUCTOR MINERO ARTESANAL,2589.05
COCACHACRA,ISLAY,2022,7,RÉGIMEN GENERAL,0.0
COCACHACRA,ISLAY,2022,8,PEQUEÑO PRODUCTOR MINERO,9261.59
COCACHACRA,ISLAY,2022,8,PRODUCTOR MINERO ARTESANAL,2427.41
COCACHACRA,ISLAY,2022,8,RÉGIMEN GENERAL,0.0
COCACHACRA,ISLAY,2022,9,PEQUEÑO PRODUCTOR MINERO,9473.0
COCACHACRA,ISLAY,2022,9,PRODUCTOR MINERO ARTESANAL,2795.0
COCACHACRA,ISLAY,2022,9,RÉGIMEN GENERAL,540.0
COCACHACRA,ISLAY,2022,10,PEQUEÑO PRODUCTOR MINERO,2545.0
COCACHACRA,ISLAY,2022,10,PRODUCTOR MINERO ARTESANAL,500.0
COCACHACRA,ISLAY,2022,10,RÉGIMEN GENERAL,385.0
COCACHACRA,ISLAY,2022,11,PEQUEÑO PRODUCTOR MINERO,11853.32
COCACHACRA,ISLAY,2022,11,PRODUCTOR MINERO ARTESANAL,4712.0
COCACHACRA,ISLAY,2022,11,RÉGIMEN GENERAL,0.0
COCACHACRA,ISLAY,2022,12,PEQUEÑO PRODUCTOR MINERO,9514.67
COCACHACRA,ISLAY,2022,12,PRODUCTOR MINERO ARTESANAL,3373.59
COCACHACRA,ISLAY,2022,12,RÉGIMEN GENERAL,0.0
COCACHACRA,ISLAY,2023,1,PEQUEÑO PRODUCTOR MINERO,10146.33
COCACHACRA,ISLAY,2023,1,PRODUCTOR MINERO ARTESANAL,3074.0
COCACHACRA,ISLAY,2023,2,PEQUEÑO PRODUCTOR MINERO,6478.79
COCACHACRA,ISLAY,2023,2,PRODUCTOR MINERO ARTESANAL,2230.0
COCACHACRA,ISLAY,2023,3,PEQUEÑO PRODUCTOR MINERO,5624.66
COCACHACRA,ISLAY,2023,3,PRODUCTOR MINERO ARTESANAL,2351.39
COCACHACRA,ISLAY,2023,4,PEQUEÑO PRODUCTOR MINERO,10107.97
COCACHACRA,ISLAY,2023,4,PRODUCTOR MINERO ARTESANAL,3149.41
COCACHACRA,ISLAY,2023,5,PEQUEÑO PRODUCTOR MINERO,14313.61
COCACHACRA,ISLAY,2023,5,PRODUCTOR MINERO ARTESANAL,3964.0
COCACHACRA,ISLAY,2023,6,PEQUEÑO PRODUCTOR MINERO,8603.153
COCACHACRA,ISLAY,2023,6,PRODUCTOR MINERO ARTESANAL,2684.23
COCACHACRA,ISLAY,2023,7,PEQUEÑO PRODUCTOR MINERO,8494.73
COCACHACRA,ISLAY,2023,7,PRODUCTOR MINERO ARTESANAL,1114.0
COCACHACRA,ISLAY,2023,8,PEQUEÑO PRODUCTOR MINERO,9225.34
COCACHACRA,ISLAY,2023,8,PRODUCTOR MINERO ARTESANAL,5422.0
COCACHACRA,ISLAY,2023,9,PEQUEÑO PRODUCTOR MINERO,10110.439999999999
COCACHACRA,ISLAY,2023,9,PRODUCTOR MINERO ARTESANAL,2686.0
COCACHACRA,ISLAY,2023,10,PEQUEÑO PRODUCTOR MINERO,10533.740000000002
COCACHACRA,ISLAY,2023,10,PRODUCTOR MINERO ARTESANAL,2905.44
COCACHACRA,ISLAY,2023,11,PEQUEÑO PRODUCTOR MINERO,5245.84
COCACHACRA,ISLAY,2023,11,PRODUCTOR MINERO ARTESANAL,3032.99
COCACHACRA,ISLAY,2023,12,PEQUEÑO PRODUCTOR MINERO,11479.9
COCACHACRA,ISLAY,2023,12,PRODUCTOR MINERO ARTESANAL,1996.533
COCACHACRA,ISLAY,2024,1,PEQUEÑO PRODUCTOR MINERO,9315.172
COCACHACRA,ISLAY,2024,1,PRODUCTOR MINERO ARTESANAL,3196.109
COCACHACRA,ISLAY,2024,2,PEQUEÑO PRODUCTOR MINERO,9200.4
COCACHACRA,ISLAY,2024,2,PRODUCTOR MINERO ARTESANAL,2442.0
COCACHACRA,ISLAY,2024,3,PEQUEÑO PRODUCTOR MINERO,11560.689999999999
COCACHACRA,ISLAY,2024,3,PRODUCTOR MINERO ARTESANAL,3215.0
COCACHACRA,ISLAY,2024,4,PEQUEÑO PRODUCTOR MINERO,9745.5
COCACHACRA,ISLAY,2024,4,PRODUCTOR MINERO ARTESANAL,4113.0
COCACHACRA,ISLAY,2024,5,PEQUEÑO PRODUCTOR MINERO,10646.48
COCACHACRA,ISLAY,2024,5,PRODUCTOR MINERO ARTESANAL,2848.0
COCACHACRA,ISLAY,2024,6,PEQUEÑO PRODUCTOR MINERO,3644.09
COCACHACRA,ISLAY,2024,6,PRODUCTOR MINERO ARTESANAL,991.0
COCACHACRA,ISLAY,2024,7,PEQUEÑO PRODUCTOR MINERO,9878.37
COCACHACRA,ISLAY,2024,7,PRODUCTOR MINERO ARTESANAL,2840.36
COCACHACRA,ISLAY,2024,8,PEQUEÑO PRODUCTOR MINERO,10181.86
COCACHACRA,ISLAY,2024,8,PRODUCTOR MINERO ARTESANAL,2831.0
COCACHACRA,ISLAY,2024,9,PEQUEÑO PRODUCTOR MINERO,8498.47
COCACHACRA,ISLAY,2024,9,PRODUCTOR MINERO ARTESANAL,2984.0
COCACHACRA,ISLAY,2024,10,PEQUEÑO PRODUCTOR MINERO,9679.23
COCACHACRA,ISLAY,2024,10,PRODUCTOR MINERO ARTESANAL,0.0
COCACHACRA,ISLAY,2024,11,PEQUEÑO PRODUCTOR MINERO,4105.12
COCACHACRA,ISLAY,2024,11,PRODUCTOR MINERO ARTESANAL,4203.0
COCACHACRA,ISLAY,2024,12,PEQUEÑO PRODUCTOR MINERO,2314.96
COCACHACRA,ISLAY,2024,12,PRODUCTOR MINERO ARTESANAL,993.79
HUAMBO,CAYLLOMA,2021,1,RÉGIMEN GENERAL,596.3100000000001
HUAMBO,CAYLLOMA,2021,2,RÉGIMEN GENERAL,175.25
HUAMBO,CAYLLOMA,2021,3,RÉGIMEN GENERAL,617.03
HUAMBO,CAYLLOMA,2021,4,RÉGIMEN GENERAL,636.44
HUAMBO,CAYLLOMA,2021,5,RÉGIMEN GENERAL,621.37
HUAMBO,CAYLLOMA,2021,6,RÉGIMEN GENERAL,609.91
HUAMBO,CAYLLOMA,2021,7,RÉGIMEN GENERAL,499.40000000000003
HUAMBO,CAYLLOMA,2021,8,RÉGIMEN GENERAL,612.11
HUAMBO,CAYLLOMA,2021,9,RÉGIMEN GENERAL,709.76
HUAMBO,CAYLLOMA,2021,10,RÉGIMEN GENERAL,686.82
HUAMBO,CAYLLOMA,2021,11,RÉGIMEN GENERAL,723.0
HUAMBO,CAYLLOMA,2021,12,RÉGIMEN GENERAL,624.92
HUAMBO,CAYLLOMA,2022,1,PEQUEÑO PRODUCTOR MINERO,847.22
HUAMBO,CAYLLOMA,2022,2,PEQUEÑO PRODUCTOR MINERO,656.1
HUAMBO,CAYLLOMA,2022,3,PEQUEÑO PRODUCTOR MINERO,700.31
HUAMBO,CAYLLOMA,2022,4,PEQUEÑO PRODUCTOR MINERO,827.29
HUAMBO,CAYLLOMA,2022,5,PEQUEÑO PRODUCTOR MINERO,593.3399999999999
HUAMBO,CAYLLOMA,2022,6,PEQUEÑO PRODUCTOR MINERO,831.02
HUAMBO,CAYLLOMA,2022,7,PEQUEÑO PRODUCTOR MINERO,528.56
HUAMBO,CAYLLOMA,2022,8,PEQUEÑO PRODUCTOR MINERO,965.49
HUAMBO,CAYLLOMA,2022,9,PEQUEÑO PRODUCTOR MINERO,907.32
HUAMBO,CAYLLOMA,2022,10,PEQUEÑO PRODUCTOR MINERO,623.32
HUAMBO,CAYLLOMA,2022,11,PEQUEÑO PRODUCTOR MINERO,881.24
HUAMBO,CAYLLOMA,2022,12,PEQUEÑO PRODUCTOR MINERO,541.9200000000001
HUAMBO,CAYLLOMA,2023,1,PEQUEÑO PRODUCTOR MINERO,589.18
HUAMBO,CAYLLOMA,2023,2,PEQUEÑO PRODUCTOR MINERO,553.9399999999999
HUAMBO,CAYLLOMA,2023,3,PEQUEÑO PRODUCTOR MINERO,752.6099999999999
HUAMBO,CAYLLOMA,2023,4,PEQUEÑO PRODUCTOR MINERO,581.8199999999999
HUAMBO,CAYLLOMA,2023,5,PEQUEÑO PRODUCTOR MINERO,655.65
HUAMBO,CAYLLOMA,2023,6,PEQUEÑO PRODUCTOR MINERO,684.22
HUAMBO,CAYLLOMA,2023,7,PEQUEÑO PRODUCTOR MINERO,777.88
HUAMBO,CAYLLOMA,2023,8,PEQUEÑO PRODUCTOR MINERO,847.0
HUAMBO,CAYLLOMA,2023,9,PEQUEÑO PRODUCTOR MINERO,1045.29
HUAMBO,CAYLLOMA,2023,10,PEQUEÑO PRODUCTOR MINERO,841.3699999999999
HUAMBO,CAYLLOMA,2023,11,PEQUEÑO PRODUCTOR MINERO,795.23
HUAMBO,CAYLLOMA,2023,12,PEQUEÑO PRODUCTOR MINERO,874.73
HUAMBO,CAYLLOMA,2024,1,PEQUEÑO PRODUCTOR MINERO,615.42
HUAMBO,CAYLLOMA,2024,2,PEQUEÑO PRODUCTOR MINERO,531.37
HUAMBO,CAYLLOMA,2024,3,PEQUEÑO PRODUCTOR MINERO,672.97
HUAMBO,CAYLLOMA,2024,4,PEQUEÑO PRODUCTOR MINERO,680.03
HUAMBO,CAYLLOMA,2024,5,PEQUEÑO PRODUCTOR MINERO,791.29
HUAMBO,CAYLLOMA,2024,6,PEQUEÑO PRODUCTOR MINERO,1191.81
HUAMBO,CAYLLOMA,2024,7,PEQUEÑO PRODUCTOR MINERO,1048.67
HUAMBO,CAYLLOMA,2024,8,PEQUEÑO PRODUCTOR MINERO,1678.54
HUAMBO,CAYLLOMA,2024,9,PEQUEÑO PRODUCTOR MINERO,1112.58
HUAMBO,CAYLLOMA,2024,10,PEQUEÑO PRODUCTOR MINERO,2595.9399999999996
HUAMBO,CAYLLOMA,2024,11,PEQUEÑO PRODUCTOR MINERO,3523.18
HUAMBO,CAYLLOMA,2024,12,PEQUEÑO PRODUCTOR MINERO,9314.28
LA JOYA,AREQUIPA,2023,1,PEQUEÑO PRODUCTOR MINERO,114.0
LA JOYA,AREQUIPA,2023,2,PEQUEÑO PRODUCTOR MINERO,126.0
LA JOYA,AREQUIPA,2023,3,PEQUEÑO PRODUCTOR MINERO,237.0
LA JOYA,AREQUIPA,2023,4,PEQUEÑO PRODUCTOR MINERO,187.0
LA JOYA,AREQUIPA,2023,5,PEQUEÑO PRODUCTOR MINERO,123.0
LA JOYA,AREQUIPA,2023,6,PEQUEÑO PRODUCTOR MINERO,222.0
LA JOYA,AREQUIPA,2023,7,PEQUEÑO PRODUCTOR MINERO,120.0
LA JOYA,AREQUIPA,2023,8,PEQUEÑO PRODUCTOR MINERO,100.0
LA JOYA,AREQUIPA,2023,9,PEQUEÑO PRODUCTOR MINERO,120.0
LA JOYA,AREQUIPA,2023,10,PEQUEÑO PRODUCTOR MINERO,70.0
LA JOYA,AREQUIPA,2023,11,PEQUEÑO PRODUCTOR MINERO,20.0
LA JOYA,AREQUIPA,2023,12,PEQUEÑO PRODUCTOR MINERO,80.0
LA JOYA,AREQUIPA,2024,1,PEQUEÑO PRODUCTOR MINERO,5438.0
LA JOYA,AREQUIPA,2024,2,PEQUEÑO PRODUCTOR MINERO,5112.4
LA JOYA,AREQUIPA,2024,3,PEQUEÑO PRODUCTOR MINERO,5202.0
LA JOYA,AREQUIPA,2024,4,PEQUEÑO PRODUCTOR MINERO,7159.8
LA JOYA,AREQUIPA,2024,5,PEQUEÑO PRODUCTOR MINERO,4507.0
LA JOYA,AREQUIPA,2024,6,PEQUEÑO PRODUCTOR MINERO,4249.4
LA JOYA,AREQUIPA,2024,7,PEQUEÑO PRODUCTOR MINERO,3127.0
LA JOYA,AREQUIPA,2024,8,PEQUEÑO PRODUCTOR MINERO,4914.8
LA JOYA,AREQUIPA,2024,9,PEQUEÑO PRODUCTOR MINERO,3424.0
LA JOYA,AREQUIPA,2024,10,PEQUEÑO PRODUCTOR MINERO,4085.0
LA JOYA,AREQUIPA,2024,11,PEQUEÑO PRODUCTOR MINERO,4951.0
LA JOYA,AREQUIPA,2024,12,PEQUEÑO PRODUCTOR MINERO,4336.8
LOMAS,CARAVELI,2021,1,PEQUEÑO PRODUCTOR MINERO,150.0
LOMAS,CARAVELI,2021,2,PEQUEÑO PRODUCTOR MINERO,150.0
LOMAS,CARAVELI,2021,3,PEQUEÑO PRODUCTOR MINERO,75.0
LOMAS,CARAVELI,2021,4,PEQUEÑO PRODUCTOR MINERO,75.0
LOMAS,CARAVELI,2021,5,PEQUEÑO PRODUCTOR MINERO,75.0
LOMAS,CARAVELI,2021,6,PEQUEÑO PRODUCTOR MINERO,75.0
LOMAS,CARAVELI,2021,7,PEQUEÑO PRODUCTOR MINERO,75.0
LOMAS,CARAVELI,2021,8,PEQUEÑO PRODUCTOR MINERO,346.0
LOMAS,CARAVELI,2021,9,PEQUEÑO PRODUCTOR MINERO,1181.0
LOMAS,CARAVELI,2021,10,PEQUEÑO PRODUCTOR MINERO,4075.0
LOMAS,CARAVELI,2021,11,PEQUEÑO PRODUCTOR MINERO,4291.0
LOMAS,CARAVELI,2021,12,PEQUEÑO PRODUCTOR MINERO,3378.0
LOMAS,CARAVELI,2022,1,PEQUEÑO PRODUCTOR MINERO,1683.0
LOMAS,CARAVELI,2022,1,RÉGIMEN GENERAL,0.0
LOMAS,CARAVELI,2022,2,PEQUEÑO PRODUCTOR MINERO,2125.0
LOMAS,CARAVELI,2022,2,RÉGIMEN GENERAL,0.0
LOMAS,CARAVELI,2022,3,PEQUEÑO PRODUCTOR MINERO,3053.0
LOMAS,CARAVELI,2022,3,RÉGIMEN GENERAL,0.0
LOMAS,CARAVELI,2022,4,PEQUEÑO PRODUCTOR MINERO,765.0
LOMAS,CARAVELI,2022,4,RÉGIMEN GENERAL,0.0
LOMAS,CARAVELI,2022,5,PEQUEÑO PRODUCTOR MINERO,1326.0
LOMAS,CARAVELI,2022,5,RÉGIMEN GENERAL,0.0
LOMAS,CARAVELI,2022,6,PEQUEÑO PRODUCTOR MINERO,3060.0
LOMAS,CARAVELI,2022,6,RÉGIMEN GENERAL,170.0
LOMAS,CARAVELI,2022,7,PEQUEÑO PRODUCTOR MINERO,1292.0
LOMAS,CARAVELI,2022,7,RÉGIMEN GENERAL,160.0
LOMAS,CARAVELI,2022,8,PEQUEÑO PRODUCTOR MINERO,1683.0
LOMAS,CARAVELI,2022,8,RÉGIMEN GENERAL,160.0
LOMAS,CARAVELI,2022,9,PEQUEÑO PRODUCTOR MINERO,1105.0
LOMAS,CARAVELI,2022,9,RÉGIMEN GENERAL,90.0
LOMAS,CARAVELI,2022,10,PEQUEÑO PRODUCTOR MINERO,221.0
LOMAS,CARAVELI,2022,10,RÉGIMEN GENERAL,312.0
LOMAS,CARAVELI,2022,11,PEQUEÑO PRODUCTOR MINERO,401.0
LOMAS,CARAVELI,2022,11,RÉGIMEN GENERAL,145.0
LOMAS,CARAVELI,2022,12,PEQUEÑO PRODUCTOR MINERO,595.0
LOMAS,CARAVELI,2022,12,RÉGIMEN GENERAL,40.0
LOMAS,CARAVELI,2023,1,PEQUEÑO PRODUCTOR MINERO,120.0
LOMAS,CARAVELI,2023,1,RÉGIMEN GENERAL,81.0
LOMAS,CARAVELI,2023,2,PEQUEÑO PRODUCTOR MINERO,416.0
LOMAS,CARAVELI,2023,2,RÉGIMEN GENERAL,156.0
LOMAS,CARAVELI,2023,3,PEQUEÑO PRODUCTOR MINERO,442.0
LOMAS,CARAVELI,2023,3,RÉGIMEN GENERAL,74.0
LOMAS,CARAVELI,2023,4,PEQUEÑO PRODUCTOR MINERO,130.0
LOMAS,CARAVELI,2023,4,RÉGIMEN GENERAL,89.0
LOMAS,CARAVELI,2023,5,PEQUEÑO PRODUCTOR MINERO,153.0
LOMAS,CARAVELI,2023,5,RÉGIMEN GENERAL,118.0
LOMAS,CARAVELI,2023,6,PEQUEÑO PRODUCTOR MINERO,195.0
LOMAS,CARAVELI,2023,6,RÉGIMEN GENERAL,90.0
LOMAS,CARAVELI,2023,7,PEQUEÑO PRODUCTOR MINERO,120.0
LOMAS,CARAVELI,2023,7,RÉGIMEN GENERAL,90.0
LOMAS,CARAVELI,2023,8,PEQUEÑO PRODUCTOR MINERO,187.0
LOMAS,CARAVELI,2023,8,RÉGIMEN GENERAL,78.0
LOMAS,CARAVELI,2023,9,PEQUEÑO PRODUCTOR MINERO,892.5
LOMAS,CARAVELI,2023,9,RÉGIMEN GENERAL,92.0
LOMAS,CARAVELI,2023,10,PEQUEÑO PRODUCTOR MINERO,842.0
LOMAS,CARAVELI,2023,10,RÉGIMEN GENERAL,88.0
LOMAS,CARAVELI,2023,11,PEQUEÑO PRODUCTOR MINERO,429.0
LOMAS,CARAVELI,2023,11,RÉGIMEN GENERAL,90.0
LOMAS,CARAVELI,2023,12,PEQUEÑO PRODUCTOR MINERO,153.0
LOMAS,CARAVELI,2023,12,RÉGIMEN GENERAL,250.0
LOMAS,CARAVELI,2024,1,PEQUEÑO PRODUCTOR MINERO,221.0
LOMAS,CARAVELI,2024,1,RÉGIMEN GENERAL,90.0
LOMAS,CARAVELI,2024,2,PEQUEÑO PRODUCTOR MINERO,323.0
LOMAS,CARAVELI,2024,2,RÉGIMEN GENERAL,85.0
LOMAS,CARAVELI,2024,3,PEQUEÑO PRODUCTOR MINERO,187.0
LOMAS,CARAVELI,2024,3,RÉGIMEN GENERAL,89.0
LOMAS,CARAVELI,2024,4,PEQUEÑO PRODUCTOR MINERO,15.0
LOMAS,CARAVELI,2024,4,RÉGIMEN GENERAL,67.0
LOMAS,CARAVELI,2024,5,PEQUEÑO PRODUCTOR MINERO,76.0
LOMAS,CARAVELI,2024,5,RÉGIMEN GENERAL,149.0
LOMAS,CARAVELI,2024,6,PEQUEÑO PRODUCTOR MINERO,18.0
LOMAS,CARAVELI,2024,6,RÉGIMEN GENERAL,91.0
LOMAS,CARAVELI,2024,7,PEQUEÑO PRODUCTOR MINERO,102.0
LOMAS,CARAVELI,2024,7,RÉGIMEN GENERAL,92.0
LOMAS,CARAVELI,2024,8,PEQUEÑO PRODUCTOR MINERO,114.0
LOMAS,CARAVELI,2024,8,RÉGIMEN GENERAL,122.0
LOMAS,CARAVELI,2024,9,PEQUEÑO PRODUCTOR MINERO,135.0
LOMAS,CARAVELI,2024,9,RÉGIMEN GENERAL,88.0
LOMAS,CARAVELI,2024,10,PEQUEÑO PRODUCTOR MINERO,85.0
LOMAS,CARAVELI,2024,10,RÉGIMEN GENERAL,89.0
LOMAS,CARAVELI,2024,11,PEQUEÑO PRODUCTOR MINERO,180.0
LOMAS,CARAVELI,2024,11,RÉGIMEN GENERAL,37.0
LOMAS,CARAVELI,2024,12,PEQUEÑO PRODUCTOR MINERO,291.0
LOMAS,CARAVELI,2024,12,RÉGIMEN GENERAL,174.0
MARISCAL CACERES,CAMANA,2022,1,PEQUEÑO PRODUCTOR MINERO,0.0
MARISCAL CACERES,CAMANA,2022,2,PEQUEÑO PRODUCTOR MINERO,0.0
MARISCAL CACERES,CAMANA,2022,3,PEQUEÑO PRODUCTOR MINERO,0.0
MARISCAL CACERES,CAMANA,2022,4,PEQUEÑO PRODUCTOR MINERO,0.0
MARISCAL CACERES,CAMANA,2022,5,PEQUEÑO PRODUCTOR MINERO,0.0
MARISCAL CACERES,CAMANA,2022,6,PEQUEÑO PRODUCTOR MINERO,30.0
MARISCAL CACERES,CAMANA,2022,7,PEQUEÑO PRODUCTOR MINERO,130.0
MARISCAL CACERES,CAMANA,2022,8,PEQUEÑO PRODUCTOR MINERO,150.0
MARISCAL CACERES,CAMANA,2022,9,PEQUEÑO PRODUCTOR MINERO,80.0
MARISCAL CACERES,CAMANA,2022,10,PEQUEÑO PRODUCTOR MINERO,150.0
MARISCAL CACERES,CAMANA,2022,11,PEQUEÑO PRODUCTOR MINERO,30.0
MARISCAL CACERES,CAMANA,2022,12,PEQUEÑO PRODUCTOR MINERO,160.0
MARISCAL CACERES,CAMANA,2024,1,RÉGIMEN GENERAL,105.0
MARISCAL CACERES,CAMANA,2024,2,RÉGIMEN GENERAL,105.0
MARISCAL CACERES,CAMANA,2024,3,RÉGIMEN GENERAL,105.0
MARISCAL CACERES,CAMANA,2024,4,RÉGIMEN GENERAL,105.0
MARISCAL CACERES,CAMANA,2024,5,RÉGIMEN GENERAL,105.0
MARISCAL CACERES,CAMANA,2024,6,RÉGIMEN GENERAL,120.0
MARISCAL CACERES,CAMANA,2024,7,RÉGIMEN GENERAL,120.0
MARISCAL CACERES,CAMANA,2024,8,RÉGIMEN GENERAL,120.0
MARISCAL CACERES,CAMANA,2024,9,RÉGIMEN GENERAL,120.0
MARISCAL CACERES,CAMANA,2024,10,RÉGIMEN GENERAL,140.0
MARISCAL CACERES,CAMANA,2024,11,RÉGIMEN GENERAL,99.0
MARISCAL CACERES,CAMANA,2024,12,RÉGIMEN GENERAL,100.0
MOLLEBAYA,AREQUIPA,2021,1,PEQUEÑO PRODUCTOR MINERO,12.0
MOLLEBAYA,AREQUIPA,2021,2,PEQUEÑO PRODUCTOR MINERO,12.0
MOLLEBAYA,AREQUIPA,2021,3,PEQUEÑO PRODUCTOR MINERO,13.0
MOLLEBAYA,AREQUIPA,2021,4,PEQUEÑO PRODUCTOR MINERO,10.0
MOLLEBAYA,AREQUIPA,2021,5,PEQUEÑO PRODUCTOR MINERO,20.0
MOLLEBAYA,AREQUIPA,2021,6,PEQUEÑO PRODUCTOR MINERO,31.0
MOLLEBAYA,AREQUIPA,2021,7,PEQUEÑO PRODUCTOR MINERO,13.0
MOLLEBAYA,AREQUIPA,2021,8,PEQUEÑO PRODUCTOR MINERO,34.0
MOLLEBAYA,AREQUIPA,2021,9,PEQUEÑO PRODUCTOR MINERO,97.0
MOLLEBAYA,AREQUIPA,2021,10,PEQUEÑO PRODUCTOR MINERO,20.0
MOLLEBAYA,AREQUIPA,2021,11,PEQUEÑO PRODUCTOR MINERO,20.0
MOLLEBAYA,AREQUIPA,2021,12,PEQUEÑO PRODUCTOR MINERO,21.0
MOLLEBAYA,AREQUIPA,2022,1,PEQUEÑO PRODUCTOR MINERO,22.0
MOLLEBAYA,AREQUIPA,2022,2,PEQUEÑO PRODUCTOR MINERO,27.0
MOLLEBAYA,AREQUIPA,2022,3,PEQUEÑO PRODUCTOR MINERO,12.0
MOLLEBAYA,AREQUIPA,2022,4,PEQUEÑO PRODUCTOR MINERO,12.0
MOLLEBAYA,AREQUIPA,2022,5,PEQUEÑO PRODUCTOR MINERO,23.0
MOLLEBAYA,AREQUIPA,2022,6,PEQUEÑO PRODUCTOR MINERO,24.0
MOLLEBAYA,AREQUIPA,2022,7,PEQUEÑO PRODUCTOR MINERO,24.0
MOLLEBAYA,AREQUIPA,2022,8,PEQUEÑO PRODUCTOR MINERO,18.0
MOLLEBAYA,AREQUIPA,2022,9,PEQUEÑO PRODUCTOR MINERO,44.0
MOLLEBAYA,AREQUIPA,2022,10,PEQUEÑO PRODUCTOR MINERO,26.0
MOLLEBAYA,AREQUIPA,2022,11,PEQUEÑO PRODUCTOR MINERO,26.0
MOLLEBAYA,AREQUIPA,2022,12,PEQUEÑO PRODUCTOR MINERO,22.0
MOLLEBAYA,AREQUIPA,2023,1,PEQUEÑO PRODUCTOR MINERO,0.0
MOLLEBAYA,AREQUIPA,2023,2,PEQUEÑO PRODUCTOR MINERO,32.0
MOLLEBAYA,AREQUIPA,2023,3,PEQUEÑO PRODUCTOR MINERO,32.0
MOLLEBAYA,AREQUIPA,2023,4,PEQUEÑO PRODUCTOR MINERO,0.0
MOLLEBAYA,AREQUIPA,2023,5,PEQUEÑO PRODUCTOR MINERO,26.0
MOLLEBAYA,AREQUIPA,2023,6,PEQUEÑO PRODUCTOR MINERO,0.0
MOLLEBAYA,AREQUIPA,2023,7,PEQUEÑO PRODUCTOR MINERO,18.0
MOLLEBAYA,AREQUIPA,2023,8,PEQUEÑO PRODUCTOR MINERO,20.0
MOLLEBAYA,AREQUIPA,2023,9,PEQUEÑO PRODUCTOR MINERO,21.0
MOLLEBAYA,AREQUIPA,2023,10,PEQUEÑO PRODUCTOR MINERO,7.0
MOLLEBAYA,AREQUIPA,2023,11,PEQUEÑO PRODUCTOR MINERO,26.0
MOLLEBAYA,AREQUIPA,2023,12,PEQUEÑO PRODUCTOR MINERO,9.0
MOLLEBAYA,AREQUIPA,2024,1,PEQUEÑO PRODUCTOR MINERO,56.0
MOLLEBAYA,AREQUIPA,2024,2,PEQUEÑO PRODUCTOR MINERO,56.0
MOLLEBAYA,AREQUIPA,2024,3,PEQUEÑO PRODUCTOR MINERO,59.0
MOLLEBAYA,AREQUIPA,2024,4,PEQUEÑO PRODUCTOR MINERO,12.0
MOLLEBAYA,AREQUIPA,2024,5,PEQUEÑO PRODUCTOR MINERO,10.0
MOLLEBAYA,AREQUIPA,2024,6,PEQUEÑO PRODUCTOR MINERO,28.0
MOLLEBAYA,AREQUIPA,2024,7,PEQUEÑO PRODUCTOR MINERO,18.0
MOLLEBAYA,AREQUIPA,2024,8,PEQUEÑO PRODUCTOR MINERO,56.0
MOLLEBAYA,AREQUIPA,2024,9,PEQUEÑO PRODUCTOR MINERO,7.0
MOLLEBAYA,AREQUIPA,2024,10,PEQUEÑO PRODUCTOR MINERO,26.0
MOLLEBAYA,AREQUIPA,2024,11,PEQUEÑO PRODUCTOR MINERO,20.0
MOLLEBAYA,AREQUIPA,2024,12,PEQUEÑO PRODUCTOR MINERO,29.0
POCSI,AREQUIPA,2023,1,RÉGIMEN GENERAL,0.0
POCSI,AREQUIPA,2023,2,RÉGIMEN GENERAL,0.0
POCSI,AREQUIPA,2023,3,RÉGIMEN GENERAL,0.0
POCSI,AREQUIPA,2023,4,RÉGIMEN GENERAL,0.0
POCSI,AREQUIPA,2023,5,RÉGIMEN GENERAL,0.0
POCSI,AREQUIPA,2023,6,RÉGIMEN GENERAL,0.0
POCSI,AREQUIPA,2023,7,RÉGIMEN GENERAL,0.0
POCSI,AREQUIPA,2023,8,RÉGIMEN GENERAL,0.0
POCSI,AREQUIPA,2023,9,RÉGIMEN GENERAL,0.0
POCSI,AREQUIPA,2023,10,RÉGIMEN GENERAL,25.0
POCSI,AREQUIPA,2023,11,RÉGIMEN GENERAL,25.0
POCSI,AREQUIPA,2023,12,RÉGIMEN GENERAL,0.0
POCSI,AREQUIPA,2024,1,PRODUCTOR MINERO ARTESANAL,55.0
POCSI,AREQUIPA,2024,2,PRODUCTOR MINERO ARTESANAL,0.0
POCSI,AREQUIPA,2024,3,PRODUCTOR MINERO ARTESANAL,0.0
POCSI,AREQUIPA,2024,4,PRODUCTOR MINERO ARTESANAL,0.0
POCSI,AREQUIPA,2024,5,PRODUCTOR MINERO ARTESANAL,0.0
POCSI,AREQUIPA,2024,6,PRODUCTOR MINERO ARTESANAL,0.0
POCSI,AREQUIPA,2024,7,PRODUCTOR MINERO ARTESANAL,0.0
POCSI,AREQUIPA,2024,8,PRODUCTOR MINERO ARTESANAL,45.0
POCSI,AREQUIPA,2024,9,PRODUCTOR MINERO ARTESANAL,0.0
POCSI,AREQUIPA,2024,10,PRODUCTOR MINERO ARTESANAL,100.0
POCSI,AREQUIPA,2024,11,PRODUCTOR MINERO ARTESANAL,0.0
POCSI,AREQUIPA,2024,12,PRODUCTOR MINERO ARTESANAL,35.0
POLOBAYA,AREQUIPA,2021,1,RÉGIMEN GENERAL,0.0
POLOBAYA,AREQUIPA,2021,2,RÉGIMEN GENERAL,0.0
POLOBAYA,AREQUIPA,2021,3,RÉGIMEN GENERAL,0.0
POLOBAYA,AREQUIPA,2021,4,RÉGIMEN GENERAL,0.0
POLOBAYA,AREQUIPA,2021,5,RÉGIMEN GENERAL,0.0
POLOBAYA,AREQUIPA,2021,6,RÉGIMEN GENERAL,1596.75
POLOBAYA,AREQUIPA,2021,7,RÉGIMEN GENERAL,3110.0
POLOBAYA,AREQUIPA,2021,8,RÉGIMEN GENERAL,2118.17
POLOBAYA,AREQUIPA,2021,9,RÉGIMEN GENERAL,3787.46
POLOBAYA,AREQUIPA,2021,10,RÉGIMEN GENERAL,360.17
POLOBAYA,AREQUIPA,2021,11,RÉGIMEN GENERAL,0.0
POLOBAYA,AREQUIPA,2021,12,RÉGIMEN GENERAL,107.498
POLOBAYA,AREQUIPA,2022,1,RÉGIMEN GENERAL,0.0
POLOBAYA,AREQUIPA,2022,2,RÉGIMEN GENERAL,0.0
POLOBAYA,AREQUIPA,2022,3,RÉGIMEN GENERAL,0.0
POLOBAYA,AREQUIPA,2022,4,RÉGIMEN GENERAL,0.0
POLOBAYA,AREQUIPA,2022,5,RÉGIMEN GENERAL,0.0
POLOBAYA,AREQUIPA,2022,6,RÉGIMEN GENERAL,2842.53
POLOBAYA,AREQUIPA,2022,7,RÉGIMEN GENERAL,2127.18
POLOBAYA,AREQUIPA,2022,8,RÉGIMEN GENERAL,3826.23
POLOBAYA,AREQUIPA,2022,9,RÉGIMEN GENERAL,314.24
POLOBAYA,AREQUIPA,2022,10,RÉGIMEN GENERAL,0.0
POLOBAYA,AREQUIPA,2022,11,RÉGIMEN GENERAL,2921.14
POLOBAYA,AREQUIPA,2022,12,RÉGIMEN GENERAL,1430.41
POLOBAYA,AREQUIPA,2023,1,RÉGIMEN GENERAL,0.0
POLOBAYA,AREQUIPA,2023,2,RÉGIMEN GENERAL,0.0
POLOBAYA,AREQUIPA,2023,3,RÉGIMEN GENERAL,0.0
POLOBAYA,AREQUIPA,2023,4,RÉGIMEN GENERAL,0.0
POLOBAYA,AREQUIPA,2023,5,RÉGIMEN GENERAL,0.0
POLOBAYA,AREQUIPA,2023,6,RÉGIMEN GENERAL,0.0
POLOBAYA,AREQUIPA,2023,7,RÉGIMEN GENERAL,476.5
POLOBAYA,AREQUIPA,2023,8,RÉGIMEN GENERAL,4712.3
POLOBAYA,AREQUIPA,2023,9,RÉGIMEN GENERAL,0.0
POLOBAYA,AREQUIPA,2023,10,RÉGIMEN GENERAL,0.0
POLOBAYA,AREQUIPA,2023,11,RÉGIMEN GENERAL,0.0
POLOBAYA,AREQUIPA,2023,12,RÉGIMEN GENERAL,0.0
QUILCA,CAMANA,2021,1,PEQUEÑO PRODUCTOR MINERO,18.060000000000002
QUILCA,CAMANA,2021,2,PEQUEÑO PRODUCTOR MINERO,522.975
QUILCA,CAMANA,2021,3,PEQUEÑO PRODUCTOR MINERO,550.653
QUILCA,CAMANA,2021,4,PEQUEÑO PRODUCTOR MINERO,556.686
QUILCA,CAMANA,2021,5,PEQUEÑO PRODUCTOR MINERO,0.0
QUILCA,CAMANA,2021,6,PEQUEÑO PRODUCTOR MINERO,0.0
QUILCA,CAMANA,2021,7,PEQUEÑO PRODUCTOR MINERO,0.0
QUILCA,CAMANA,2021,8,PEQUEÑO PRODUCTOR MINERO,0.0
QUILCA,CAMANA,2021,9,PEQUEÑO PRODUCTOR MINERO,0.0
QUILCA,CAMANA,2021,10,PEQUEÑO PRODUCTOR MINERO,0.0
QUILCA,CAMANA,2021,11,PEQUEÑO PRODUCTOR MINERO,33.865
QUILCA,CAMANA,2021,12,PEQUEÑO PRODUCTOR MINERO,0.0
QUILCA,CAMANA,2022,1,PEQUEÑO PRODUCTOR MINERO,0.0
QUILCA,CAMANA,2022,2,PEQUEÑO PRODUCTOR MINERO,0.0
QUILCA,CAMANA,2022,3,PEQUEÑO PRODUCTOR MINERO,0.0
QUILCA,CAMANA,2022,4,PEQUEÑO PRODUCTOR MINERO,0.0
QUILCA,CAMANA,2022,5,PEQUEÑO PRODUCTOR MINERO,0.0
QUILCA,CAMANA,2022,6,PEQUEÑO PRODUCTOR MINERO,0.0
QUILCA,CAMANA,2022,7,PEQUEÑO PRODUCTOR MINERO,0.0
QUILCA,CAMANA,2022,8,PEQUEÑO PRODUCTOR MINERO,0.0
QUILCA,CAMANA,2022,9,PEQUEÑO PRODUCTOR MINERO,0.0
QUILCA,CAMANA,2022,10,PEQUEÑO PRODUCTOR MINERO,0.0
QUILCA,CAMANA,2022,11,PEQUEÑO PRODUCTOR MINERO,65.39
QUILCA,CAMANA,2022,12,PEQUEÑO PRODUCTOR MINERO,0.0
SAN JUAN DE TARUCANI,AREQUIPA,2021,1,RÉGIMEN GENERAL,0.0
SAN JUAN DE TARUCANI,AREQUIPA,2021,2,RÉGIMEN GENERAL,0.0
SAN JUAN DE TARUCANI,AREQUIPA,2021,3,RÉGIMEN GENERAL,0.0
SAN JUAN DE TARUCANI,AREQUIPA,2021,4,RÉGIMEN GENERAL,0.0
SAN JUAN DE TARUCANI,AREQUIPA,2021,5,RÉGIMEN GENERAL,0.0
SAN JUAN DE TARUCANI,AREQUIPA,2021,6,RÉGIMEN GENERAL,0.0
SAN JUAN DE TARUCANI,AREQUIPA,2021,7,RÉGIMEN GENERAL,0.0
SAN JUAN DE TARUCANI,AREQUIPA,2021,8,RÉGIMEN GENERAL,27324.22
SAN JUAN DE TARUCANI,AREQUIPA,2021,9,RÉGIMEN GENERAL,70718.66
SAN JUAN DE TARUCANI,AREQUIPA,2021,10,RÉGIMEN GENERAL,95642.75
SAN JUAN DE TARUCANI,AREQUIPA,2021,11,RÉGIMEN GENERAL,36038.82
SAN JUAN DE TARUCANI,AREQUIPA,2021,12,RÉGIMEN GENERAL,16637.57
SAN JUAN DE TARUCANI,AREQUIPA,2022,1,RÉGIMEN GENERAL,0.0
SAN JUAN DE TARUCANI,AREQUIPA,2022,2,RÉGIMEN GENERAL,0.0
SAN JUAN DE TARUCANI,AREQUIPA,2022,3,RÉGIMEN GENERAL,0.0
SAN JUAN DE TARUCANI,AREQUIPA,2022,4,RÉGIMEN GENERAL,0.0
SAN JUAN DE TARUCANI,AREQUIPA,2022,5,RÉGIMEN GENERAL,0.0
SAN JUAN DE TARUCANI,AREQUIPA,2022,6,RÉGIMEN GENERAL,0.0
SAN JUAN DE TARUCANI,AREQUIPA,2022,7,RÉGIMEN GENERAL,0.0
SAN JUAN DE TARUCANI,AREQUIPA,2022,8,RÉGIMEN GENERAL,0.0
SAN JUAN DE TARUCANI,AREQUIPA,2022,9,RÉGIMEN GENERAL,54611.908
SAN JUAN DE TARUCANI,AREQUIPA,2022,10,RÉGIMEN GENERAL,105732.82921
SAN JUAN DE TARUCANI,AREQUIPA,2022,11,RÉGIMEN GENERAL,101457.541
SAN JUAN DE TARUCANI,AREQUIPA,2022,12,RÉGIMEN GENERAL,31184.127
SAN JUAN DE TARUCANI,AREQUIPA,2023,1,RÉGIMEN GENERAL,0.0
SAN JUAN DE TARUCANI,AREQUIPA,2023,2,RÉGIMEN GENERAL,0.0
SAN JUAN DE TARUCANI,AREQUIPA,2023,3,RÉGIMEN GENERAL,0.0
SAN JUAN DE TARUCANI,AREQUIPA,2023,4,RÉGIMEN GENERAL,0.0
SAN JUAN DE TARUCANI,AREQUIPA,2023,5,RÉGIMEN GENERAL,0.0
SAN JUAN DE TARUCANI,AREQUIPA,2023,6,RÉGIMEN GENERAL,0.0
SAN JUAN DE TARUCANI,AREQUIPA,2023,7,RÉGIMEN GENERAL,0.0
SAN JUAN DE TARUCANI,AREQUIPA,2023,8,RÉGIMEN GENERAL,7071.279
SAN JUAN DE TARUCANI,AREQUIPA,2023,9,RÉGIMEN GENERAL,120717.65
SAN JUAN DE TARUCANI,AREQUIPA,2023,10,RÉGIMEN GENERAL,124205.578
SAN JUAN DE TARUCANI,AREQUIPA,2023,11,RÉGIMEN GENERAL,7429.414
SAN JUAN DE TARUCANI,AREQUIPA,2023,12,RÉGIMEN GENERAL,0.0
SAN JUAN DE TARUCANI,AREQUIPA,2024,1,RÉGIMEN GENERAL,0.0
SAN JUAN DE TARUCANI,AREQUIPA,2024,2,RÉGIMEN GENERAL,0.0
SAN JUAN DE TARUCANI,AREQUIPA,2024,3,RÉGIMEN GENERAL,0.0
SAN JUAN DE TARUCANI,AREQUIPA,2024,4,RÉGIMEN GENERAL,0.0
SAN JUAN DE TARUCANI,AREQUIPA,2024,5,RÉGIMEN GENERAL,0.0
SAN JUAN DE TARUCANI,AREQUIPA,2024,6,RÉGIMEN GENERAL,0.0
SAN JUAN DE TARUCANI,AREQUIPA,2024,7,RÉGIMEN GENERAL,0.0
SAN JUAN DE TARUCANI,AREQUIPA,2024,8,RÉGIMEN GENERAL,0.0
SAN JUAN DE TARUCANI,AREQUIPA,2024,9,RÉGIMEN GENERAL,6675.03
SAN JUAN DE TARUCANI,AREQUIPA,2024,10,RÉGIMEN GENERAL,122949.07
SAN JUAN DE TARUCANI,AREQUIPA,2024,11,RÉGIMEN GENERAL,187170.717
SAN JUAN DE TARUCANI,AREQUIPA,2024,12,RÉGIMEN GENERAL,69275.336
UCHUMAYO,AREQUIPA,2021,1,PEQUEÑO PRODUCTOR MINERO,670.0
UCHUMAYO,AREQUIPA,2021,1,PRODUCTOR MINERO ARTESANAL,88.0
UCHUMAYO,AREQUIPA,2021,1,RÉGIMEN GENERAL,41773.0
UCHUMAYO,AREQUIPA,2021,2,PEQUEÑO PRODUCTOR MINERO,1418.0
UCHUMAYO,AREQUIPA,2021,2,PRODUCTOR MINERO ARTESANAL,88.0
UCHUMAYO,AREQUIPA,2021,2,RÉGIMEN GENERAL,48512.0
UCHUMAYO,AREQUIPA,2021,3,PEQUEÑO PRODUCTOR MINERO,1905.0
UCHUMAYO,AREQUIPA,2021,3,PRODUCTOR MINERO ARTESANAL,118.0
UCHUMAYO,AREQUIPA,2021,3,RÉGIMEN GENERAL,48029.0
UCHUMAYO,AREQUIPA,2021,4,PEQUEÑO PRODUCTOR MINERO,2055.0
UCHUMAYO,AREQUIPA,2021,4,PRODUCTOR MINERO ARTESANAL,65.0
UCHUMAYO,AREQUIPA,2021,4,RÉGIMEN GENERAL,48383.0
UCHUMAYO,AREQUIPA,2021,5,PEQUEÑO PRODUCTOR MINERO,1420.0
UCHUMAYO,AREQUIPA,2021,5,PRODUCTOR MINERO ARTESANAL,118.0
UCHUMAYO,AREQUIPA,2021,5,RÉGIMEN GENERAL,38572.0
UCHUMAYO,AREQUIPA,2021,6,PEQUEÑO PRODUCTOR MINERO,2030.0
UCHUMAYO,AREQUIPA,2021,6,PRODUCTOR MINERO ARTESANAL,88.0
UCHUMAYO,AREQUIPA,2021,6,RÉGIMEN GENERAL,6591.7
UCHUMAYO,AREQUIPA,2021,7,PEQUEÑO PRODUCTOR MINERO,2085.0
UCHUMAYO,AREQUIPA,2021,7,PRODUCTOR MINERO ARTESANAL,88.0
UCHUMAYO,AREQUIPA,2021,7,RÉGIMEN GENERAL,4391.1
UCHUMAYO,AREQUIPA,2021,8,PEQUEÑO PRODUCTOR MINERO,1930.0
UCHUMAYO,AREQUIPA,2021,8,PRODUCTOR MINERO ARTESANAL,118.0
UCHUMAYO,AREQUIPA,2021,8,RÉGIMEN GENERAL,14215.45
UCHUMAYO,AREQUIPA,2021,9,PEQUEÑO PRODUCTOR MINERO,1944.0
UCHUMAYO,AREQUIPA,2021,9,PRODUCTOR MINERO ARTESANAL,88.0
UCHUMAYO,AREQUIPA,2021,9,RÉGIMEN GENERAL,27313.0
UCHUMAYO,AREQUIPA,2021,10,PEQUEÑO PRODUCTOR MINERO,1892.0
UCHUMAYO,AREQUIPA,2021,10,PRODUCTOR MINERO ARTESANAL,88.0
UCHUMAYO,AREQUIPA,2021,10,RÉGIMEN GENERAL,41430.4
UCHUMAYO,AREQUIPA,2021,11,PEQUEÑO PRODUCTOR MINERO,2142.0
UCHUMAYO,AREQUIPA,2021,11,PRODUCTOR MINERO ARTESANAL,416.0
UCHUMAYO,AREQUIPA,2021,11,RÉGIMEN GENERAL,39547.9
UCHUMAYO,AREQUIPA,2021,12,PEQUEÑO PRODUCTOR MINERO,169.0
UCHUMAYO,AREQUIPA,2021,12,PRODUCTOR MINERO ARTESANAL,243.0
UCHUMAYO,AREQUIPA,2021,12,RÉGIMEN GENERAL,23332.2
UCHUMAYO,AREQUIPA,2022,1,PEQUEÑO PRODUCTOR MINERO,1428.0
UCHUMAYO,AREQUIPA,2022,1,RÉGIMEN GENERAL,27622.9
UCHUMAYO,AREQUIPA,2022,2,PEQUEÑO PRODUCTOR MINERO,1225.0
UCHUMAYO,AREQUIPA,2022,2,RÉGIMEN GENERAL,33804.0
UCHUMAYO,AREQUIPA,2022,3,PEQUEÑO PRODUCTOR MINERO,1405.0
UCHUMAYO,AREQUIPA,2022,3,RÉGIMEN GENERAL,40894.9
UCHUMAYO,AREQUIPA,2022,4,PEQUEÑO PRODUCTOR MINERO,1630.0
UCHUMAYO,AREQUIPA,2022,4,RÉGIMEN GENERAL,36731.0
UCHUMAYO,AREQUIPA,2022,5,PEQUEÑO PRODUCTOR MINERO,1675.0
UCHUMAYO,AREQUIPA,2022,5,RÉGIMEN GENERAL,42148.0
UCHUMAYO,AREQUIPA,2022,6,PEQUEÑO PRODUCTOR MINERO,1035.0
UCHUMAYO,AREQUIPA,2022,6,RÉGIMEN GENERAL,31223.5
UCHUMAYO,AREQUIPA,2022,7,PEQUEÑO PRODUCTOR MINERO,2094.0
UCHUMAYO,AREQUIPA,2022,7,RÉGIMEN GENERAL,61815.7
UCHUMAYO,AREQUIPA,2022,8,PEQUEÑO PRODUCTOR MINERO,2021.0
UCHUMAYO,AREQUIPA,2022,8,RÉGIMEN GENERAL,67815.9
UCHUMAYO,AREQUIPA,2022,9,PEQUEÑO PRODUCTOR MINERO,1850.0
UCHUMAYO,AREQUIPA,2022,9,RÉGIMEN GENERAL,71479.52
UCHUMAYO,AREQUIPA,2022,10,PEQUEÑO PRODUCTOR MINERO,1409.0
UCHUMAYO,AREQUIPA,2022,10,RÉGIMEN GENERAL,50818.5
UCHUMAYO,AREQUIPA,2022,11,PEQUEÑO PRODUCTOR MINERO,1555.0
UCHUMAYO,AREQUIPA,2022,11,RÉGIMEN GENERAL,51649.0
UCHUMAYO,AREQUIPA,2022,12,PEQUEÑO PRODUCTOR MINERO,2048.0
UCHUMAYO,AREQUIPA,2022,12,RÉGIMEN GENERAL,47286.626000000004
UCHUMAYO,AREQUIPA,2023,1,PEQUEÑO PRODUCTOR MINERO,0.0
UCHUMAYO,AREQUIPA,2023,1,PRODUCTOR MINERO ARTESANAL,1520.0
UCHUMAYO,AREQUIPA,2023,1,RÉGIMEN GENERAL,48235.1
UCHUMAYO,AREQUIPA,2023,2,PEQUEÑO PRODUCTOR MINERO,117.0
UCHUMAYO,AREQUIPA,2023,2,PRODUCTOR MINERO ARTESANAL,1520.0
UCHUMAYO,AREQUIPA,2023,2,RÉGIMEN GENERAL,53653.5
UCHUMAYO,AREQUIPA,2023,3,PEQUEÑO PRODUCTOR MINERO,125.0
UCHUMAYO,AREQUIPA,2023,3,PRODUCTOR MINERO ARTESANAL,1530.0
UCHUMAYO,AREQUIPA,2023,3,RÉGIMEN GENERAL,52626.1
UCHUMAYO,AREQUIPA,2023,4,PEQUEÑO PRODUCTOR MINERO,70.5
UCHUMAYO,AREQUIPA,2023,4,PRODUCTOR MINERO ARTESANAL,1770.0
UCHUMAYO,AREQUIPA,2023,4,RÉGIMEN GENERAL,56696.6
UCHUMAYO,AREQUIPA,2023,5,PEQUEÑO PRODUCTOR MINERO,77.0
UCHUMAYO,AREQUIPA,2023,5,PRODUCTOR MINERO ARTESANAL,970.0
UCHUMAYO,AREQUIPA,2023,5,RÉGIMEN GENERAL,51597.45
UCHUMAYO,AREQUIPA,2023,6,PEQUEÑO PRODUCTOR MINERO,78.0
UCHUMAYO,AREQUIPA,2023,6,PRODUCTOR MINERO ARTESANAL,900.0
UCHUMAYO,AREQUIPA,2023,6,RÉGIMEN GENERAL,55047.6
UCHUMAYO,AREQUIPA,2023,7,PEQUEÑO PRODUCTOR MINERO,74.0
UCHUMAYO,AREQUIPA,2023,7,PRODUCTOR MINERO ARTESANAL,1075.0
UCHUMAYO,AREQUIPA,2023,7,RÉGIMEN GENERAL,56467.5
UCHUMAYO,AREQUIPA,2023,8,PEQUEÑO PRODUCTOR MINERO,74.0
UCHUMAYO,AREQUIPA,2023,8,PRODUCTOR MINERO ARTESANAL,925.0
UCHUMAYO,AREQUIPA,2023,8,RÉGIMEN GENERAL,53939.7
UCHUMAYO,AREQUIPA,2023,9,PEQUEÑO PRODUCTOR MINERO,66.0
UCHUMAYO,AREQUIPA,2023,9,PRODUCTOR MINERO ARTESANAL,385.0
UCHUMAYO,AREQUIPA,2023,9,RÉGIMEN GENERAL,33929.0
UCHUMAYO,AREQUIPA,2023,10,PEQUEÑO PRODUCTOR MINERO,78.0
UCHUMAYO,AREQUIPA,2023,10,PRODUCTOR MINERO ARTESANAL,1260.0
UCHUMAYO,AREQUIPA,2023,10,RÉGIMEN GENERAL,36235.5
UCHUMAYO,AREQUIPA,2023,11,PEQUEÑO PRODUCTOR MINERO,47.0
UCHUMAYO,AREQUIPA,2023,11,PRODUCTOR MINERO ARTESANAL,1640.0
UCHUMAYO,AREQUIPA,2023,11,RÉGIMEN GENERAL,45880.3
UCHUMAYO,AREQUIPA,2023,12,PEQUEÑO PRODUCTOR MINERO,28.0
UCHUMAYO,AREQUIPA,2023,12,PRODUCTOR MINERO ARTESANAL,3964.0
UCHUMAYO,AREQUIPA,2023,12,RÉGIMEN GENERAL,38606.5
UCHUMAYO,AREQUIPA,2024,1,PEQUEÑO PRODUCTOR MINERO,47.0
UCHUMAYO,AREQUIPA,2024,1,PRODUCTOR MINERO ARTESANAL,1000.0
UCHUMAYO,AREQUIPA,2024,1,RÉGIMEN GENERAL,43199.8
UCHUMAYO,AREQUIPA,2024,2,PEQUEÑO PRODUCTOR MINERO,31.0
UCHUMAYO,AREQUIPA,2024,2,PRODUCTOR MINERO ARTESANAL,2754.0
UCHUMAYO,AREQUIPA,2024,2,RÉGIMEN GENERAL,45095.0
UCHUMAYO,AREQUIPA,2024,3,PEQUEÑO PRODUCTOR MINERO,0.0
UCHUMAYO,AREQUIPA,2024,3,PRODUCTOR MINERO ARTESANAL,2940.0
UCHUMAYO,AREQUIPA,2024,3,RÉGIMEN GENERAL,38798.1
UCHUMAYO,AREQUIPA,2024,4,PEQUEÑO PRODUCTOR MINERO,70.0
UCHUMAYO,AREQUIPA,2024,4,PRODUCTOR MINERO ARTESANAL,1026.0
UCHUMAYO,AREQUIPA,2024,4,RÉGIMEN GENERAL,59030.9
UCHUMAYO,AREQUIPA,2024,5,PEQUEÑO PRODUCTOR MINERO,44.0
UCHUMAYO,AREQUIPA,2024,5,PRODUCTOR MINERO ARTESANAL,1218.0
UCHUMAYO,AREQUIPA,2024,5,RÉGIMEN GENERAL,65236.8
UCHUMAYO,AREQUIPA,2024,6,PEQUEÑO PRODUCTOR MINERO,47.0
UCHUMAYO,AREQUIPA,2024,6,PRODUCTOR MINERO ARTESANAL,718.0
UCHUMAYO,AREQUIPA,2024,6,RÉGIMEN GENERAL,54478.0
UCHUMAYO,AREQUIPA,2024,7,PEQUEÑO PRODUCTOR MINERO,52.0
UCHUMAYO,AREQUIPA,2024,7,PRODUCTOR MINERO ARTESANAL,890.0
UCHUMAYO,AREQUIPA,2024,7,RÉGIMEN GENERAL,55904.17
UCHUMAYO,AREQUIPA,2024,8,PEQUEÑO PRODUCTOR MINERO,10766.879
UCHUMAYO,AREQUIPA,2024,8,PRODUCTOR MINERO ARTESANAL,804.0
UCHUMAYO,AREQUIPA,2024,8,RÉGIMEN GENERAL,54596.8
UCHUMAYO,AREQUIPA,2024,9,PEQUEÑO PRODUCTOR MINERO,12671.0
UCHUMAYO,AREQUIPA,2024,9,PRODUCTOR MINERO ARTESANAL,4803.0
UCHUMAYO,AREQUIPA,2024,9,RÉGIMEN GENERAL,54802.9
UCHUMAYO,AREQUIPA,2024,10,PEQUEÑO PRODUCTOR MINERO,7848.0
UCHUMAYO,AREQUIPA,2024,10,PRODUCTOR MINERO ARTESANAL,12.0
UCHUMAYO,AREQUIPA,2024,10,RÉGIMEN GENERAL,54445.0
UCHUMAYO,AREQUIPA,2024,11,PEQUEÑO PRODUCTOR MINERO,9660.91
UCHUMAYO,AREQUIPA,2024,11,PRODUCTOR MINERO ARTESANAL,1064.0
UCHUMAYO,AREQUIPA,2024,11,RÉGIMEN GENERAL,53275.0
UCHUMAYO,AREQUIPA,2024,12,PEQUEÑO PRODUCTOR MINERO,12578.693
UCHUMAYO,AREQUIPA,2024,12,PRODUCTOR MINERO ARTESANAL,277.0
UCHUMAYO,AREQUIPA,2024,12,RÉGIMEN GENERAL,49852.0
VITOR,AREQUIPA,2023,1,RÉGIMEN GENERAL,0.0
VITOR,AREQUIPA,2023,2,RÉGIMEN GENERAL,45.0
VITOR,AREQUIPA,2023,3,RÉGIMEN GENERAL,83.0
VITOR,AREQUIPA,2023,4,RÉGIMEN GENERAL,15.0
VITOR,AREQUIPA,2023,5,RÉGIMEN GENERAL,121.0
VITOR,AREQUIPA,2023,6,RÉGIMEN GENERAL,29.0
VITOR,AREQUIPA,2023,7,RÉGIMEN GENERAL,30.0
VITOR,AREQUIPA,2023,8,RÉGIMEN GENERAL,8.0
VITOR,AREQUIPA,2023,9,RÉGIMEN GENERAL,105.0
VITOR,AREQUIPA,2023,10,RÉGIMEN GENERAL,200.0
VITOR,AREQUIPA,2023,11,RÉGIMEN GENERAL,190.0
VITOR,AREQUIPA,2023,12,RÉGIMEN GENERAL,0.0
VITOR,AREQUIPA,2024,1,PRODUCTOR MINERO ARTESANAL,0.0
VITOR,AREQUIPA,2024,2,PRODUCTOR MINERO ARTESANAL,0.0
VITOR,AREQUIPA,2024,3,PRODUCTOR MINERO ARTESANAL,0.0
VITOR,AREQUIPA,2024,4,PRODUCTOR MINERO ARTESANAL,0.0
VITOR,AREQUIPA,2024,5,PRODUCTOR MINERO ARTESANAL,0.0
VITOR,AREQUIPA,2024,6,PRODUCTOR MINERO ARTESANAL,0.0
VITOR,AREQUIPA,2024,7,PRODUCTOR MINERO ARTESANAL,0.0
VITOR,AREQUIPA,2024,8,PRODUCTOR MINERO ARTESANAL,6.0
VITOR,AREQUIPA,2024,9,PRODUCTOR MINERO ARTESANAL,420.0
VITOR,AREQUIPA,2024,10,PRODUCTOR MINERO ARTESANAL,825.0
VITOR,AREQUIPA,2024,11,PRODUCTOR MINERO ARTESANAL,0.0
VITOR,AREQUIPA,2024,12,PRODUCTOR MINERO ARTESANAL,360.0
YANQUE,CAYLLOMA,2021,1,PEQUEÑO PRODUCTOR MINERO,0.0
YANQUE,CAYLLOMA,2021,2,PEQUEÑO PRODUCTOR MINERO,0.0
YANQUE,CAYLLOMA,2021,3,PEQUEÑO PRODUCTOR MINERO,7.0
YANQUE,CAYLLOMA,2021,4,PEQUEÑO PRODUCTOR MINERO,8.0
YANQUE,CAYLLOMA,2021,5,PEQUEÑO PRODUCTOR MINERO,0.0
YANQUE,CAYLLOMA,2021,6,PEQUEÑO PRODUCTOR MINERO,11.0
YANQUE,CAYLLOMA,2021,7,PEQUEÑO PRODUCTOR MINERO,15.0
YANQUE,CAYLLOMA,2021,8,PEQUEÑO PRODUCTOR MINERO,19.0
YANQUE,CAYLLOMA,2021,9,PEQUEÑO PRODUCTOR MINERO,20.0
YANQUE,CAYLLOMA,2021,10,PEQUEÑO PRODUCTOR MINERO,17.0
YANQUE,CAYLLOMA,2021,11,PEQUEÑO PRODUCTOR MINERO,15.0
YANQUE,CAYLLOMA,2021,12,PEQUEÑO PRODUCTOR MINERO,14.0
YANQUE,CAYLLOMA,2022,1,PEQUEÑO PRODUCTOR MINERO,6.0
YANQUE,CAYLLOMA,2022,2,PEQUEÑO PRODUCTOR MINERO,0.0
YANQUE,CAYLLOMA,2022,3,PEQUEÑO PRODUCTOR MINERO,0.0
YANQUE,CAYLLOMA,2022,4,PEQUEÑO PRODUCTOR MINERO,0.0
YANQUE,CAYLLOMA,2022,5,PEQUEÑO PRODUCTOR MINERO,19.0
YANQUE,CAYLLOMA,2022,6,PEQUEÑO PRODUCTOR MINERO,13.0
YANQUE,CAYLLOMA,2022,7,PEQUEÑO PRODUCTOR MINERO,30.0
YANQUE,CAYLLOMA,2022,8,PEQUEÑO PRODUCTOR MINERO,7.0
YANQUE,CAYLLOMA,2022,9,PEQUEÑO PRODUCTOR MINERO,10.0
YANQUE,CAYLLOMA,2022,10,PEQUEÑO PRODUCTOR MINERO,32.0
YANQUE,CAYLLOMA,2022,11,PEQUEÑO PRODUCTOR MINERO,32.0
YANQUE,CAYLLOMA,2022,12,PEQUEÑO PRODUCTOR MINERO,33.0
YANQUE,CAYLLOMA,2023,1,PEQUEÑO PRODUCTOR MINERO,0.0
YANQUE,CAYLLOMA,2023,2,PEQUEÑO PRODUCTOR MINERO,38.0
YANQUE,CAYLLOMA,2023,3,PEQUEÑO PRODUCTOR MINERO,21.0
YANQUE,CAYLLOMA,2023,4,PEQUEÑO PRODUCTOR MINERO,0.0
YANQUE,CAYLLOMA,2023,5,PEQUEÑO PRODUCTOR MINERO,0.0
YANQUE,CAYLLOMA,2023,6,PEQUEÑO PRODUCTOR MINERO,0.0
YANQUE,CAYLLOMA,2023,7,PEQUEÑO PRODUCTOR MINERO,0.0
YANQUE,CAYLLOMA,2023,8,PEQUEÑO PRODUCTOR MINERO,21.0
YANQUE,CAYLLOMA,2023,9,PEQUEÑO PRODUCTOR MINERO,18.0
YANQUE,CAYLLOMA,2023,10,PEQUEÑO PRODUCTOR MINERO,15.0
YANQUE,CAYLLOMA,2023,11,PEQUEÑO PRODUCTOR MINERO,10.0
YANQUE,CAYLLOMA,2023,12,PEQUEÑO PRODUCTOR MINERO,22.0
YANQUE,CAYLLOMA,2024,1,PEQUEÑO PRODUCTOR MINERO,15.0
YANQUE,CAYLLOMA,2024,1,PRODUCTOR MINERO ARTESANAL,0.0
YANQUE,CAYLLOMA,2024,2,PEQUEÑO PRODUCTOR MINERO,0.0
YANQUE,CAYLLOMA,2024,2,PRODUCTOR MINERO ARTESANAL,26.0
YANQUE,CAYLLOMA,2024,3,PEQUEÑO PRODUCTOR MINERO,0.0
YANQUE,CAYLLOMA,2024,3,PRODUCTOR MINERO ARTESANAL,0.0
YANQUE,CAYLLOMA,2024,4,PEQUEÑO PRODUCTOR MINERO,26.0
YANQUE,CAYLLOMA,2024,4,PRODUCTOR MINERO ARTESANAL,16.0
YANQUE,CAYLLOMA,2024,5,PEQUEÑO PRODUCTOR MINERO,12.0
YANQUE,CAYLLOMA,2024,5,PRODUCTOR MINERO ARTESANAL,0.0
YANQUE,CAYLLOMA,2024,6,PEQUEÑO PRODUCTOR MINERO,23.0
YANQUE,CAYLLOMA,2024,6,PRODUCTOR MINERO ARTESANAL,0.0
YANQUE,CAYLLOMA,2024,7,PEQUEÑO PRODUCTOR MINERO,44.0
YANQUE,CAYLLOMA,2024,7,PRODUCTOR MINERO ARTESANAL,0.0
YANQUE,CAYLLOMA,2024,8,PEQUEÑO PRODUCTOR MINERO,18.0
YANQUE,CAYLLOMA,2024,8,PRODUCTOR MINERO ARTESANAL,0.0
YANQUE,CAYLLOMA,2024,9,PEQUEÑO PRODUCTOR MINERO,17.0
YANQUE,CAYLLOMA,2024,9,PRODUCTOR MINERO ARTESANAL,47.2
YANQUE,CAYLLOMA,2024,10,PEQUEÑO PRODUCTOR MINERO,51.0
YANQUE,CAYLLOMA,2024,10,PRODUCTOR MINERO ARTESANAL,52.5
YANQUE,CAYLLOMA,2024,11,PEQUEÑO PRODUCTOR MINERO,25.0
YANQUE,CAYLLOMA,2024,11,PRODUCTOR MINERO ARTESANAL,53.7
YANQUE,CAYLLOMA,2024,12,PEQUEÑO PRODUCTOR MINERO,0.0
YANQUE,CAYLLOMA,2024,12,PRODUCTOR MINERO ARTESANAL,23.0
YAUCA,CARAVELI,2022,1,PEQUEÑO PRODUCTOR MINERO,0.0
YAUCA,CARAVELI,2022,2,PEQUEÑO PRODUCTOR MINERO,0.0
YAUCA,CARAVELI,2022,3,PEQUEÑO PRODUCTOR MINERO,0.0
YAUCA,CARAVELI,2022,4,PEQUEÑO PRODUCTOR MINERO,0.0
YAUCA,CARAVELI,2022,5,PEQUEÑO PRODUCTOR MINERO,0.0
YAUCA,CARAVELI,2022,6,PEQUEÑO PRODUCTOR MINERO,0.0
YAUCA,CARAVELI,2022,7,PEQUEÑO PRODUCTOR MINERO,80.0
YAUCA,CARAVELI,2022,8,PEQUEÑO PRODUCTOR MINERO,200.0
YAUCA,CARAVELI,2022,9,PEQUEÑO PRODUCTOR MINERO,1.0
YAUCA,CARAVELI,2022,10,PEQUEÑO PRODUCTOR MINERO,0.0
YAUCA,CARAVELI,2022,11,PEQUEÑO PRODUCTOR MINERO,0.0
YAUCA,CARAVELI,2022,12,PEQUEÑO PRODUCTOR MINERO,120.0
YURA,AREQUIPA,2021,1,PEQUEÑO PRODUCTOR MINERO,7.0
YURA,AREQUIPA,2021,1,PRODUCTOR MINERO ARTESANAL,24.0
YURA,AREQUIPA,2021,1,RÉGIMEN GENERAL,413603.60000000003
YURA,AREQUIPA,2021,2,PEQUEÑO PRODUCTOR MINERO,7.0
YURA,AREQUIPA,2021,2,PRODUCTOR MINERO ARTESANAL,24.0
YURA,AREQUIPA,2021,2,RÉGIMEN GENERAL,274678.7
YURA,AREQUIPA,2021,3,PEQUEÑO PRODUCTOR MINERO,9.0
YURA,AREQUIPA,2021,3,PRODUCTOR MINERO ARTESANAL,29.0
YURA,AREQUIPA,2021,3,RÉGIMEN GENERAL,318962.5
YURA,AREQUIPA,2021,4,PEQUEÑO PRODUCTOR MINERO,9.0
YURA,AREQUIPA,2021,4,PRODUCTOR MINERO ARTESANAL,29.0
YURA,AREQUIPA,2021,4,RÉGIMEN GENERAL,244464.6
YURA,AREQUIPA,2021,5,PEQUEÑO PRODUCTOR MINERO,10.0
YURA,AREQUIPA,2021,5,PRODUCTOR MINERO ARTESANAL,29.0
YURA,AREQUIPA,2021,5,RÉGIMEN GENERAL,271624.2
YURA,AREQUIPA,2021,6,PEQUEÑO PRODUCTOR MINERO,21.0
YURA,AREQUIPA,2021,6,PRODUCTOR MINERO ARTESANAL,0.0
YURA,AREQUIPA,2021,6,RÉGIMEN GENERAL,339564.9
YURA,AREQUIPA,2021,7,PEQUEÑO PRODUCTOR MINERO,23.0
YURA,AREQUIPA,2021,7,PRODUCTOR MINERO ARTESANAL,29.0
YURA,AREQUIPA,2021,7,RÉGIMEN GENERAL,438345.9
YURA,AREQUIPA,2021,8,PEQUEÑO PRODUCTOR MINERO,24.0
YURA,AREQUIPA,2021,8,PRODUCTOR MINERO ARTESANAL,29.0
YURA,AREQUIPA,2021,8,RÉGIMEN GENERAL,234488.7
YURA,AREQUIPA,2021,9,PEQUEÑO PRODUCTOR MINERO,54.0
YURA,AREQUIPA,2021,9,PRODUCTOR MINERO ARTESANAL,24.0
YURA,AREQUIPA,2021,9,RÉGIMEN GENERAL,389558.2
YURA,AREQUIPA,2021,10,PEQUEÑO PRODUCTOR MINERO,20.0
YURA,AREQUIPA,2021,10,PRODUCTOR MINERO ARTESANAL,32.0
YURA,AREQUIPA,2021,10,RÉGIMEN GENERAL,307931.4
YURA,AREQUIPA,2021,11,PEQUEÑO PRODUCTOR MINERO,18.0
YURA,AREQUIPA,2021,11,PRODUCTOR MINERO ARTESANAL,28.0
YURA,AREQUIPA,2021,11,RÉGIMEN GENERAL,446774.5
YURA,AREQUIPA,2021,12,PEQUEÑO PRODUCTOR MINERO,21.0
YURA,AREQUIPA,2021,12,PRODUCTOR MINERO ARTESANAL,36.0
YURA,AREQUIPA,2021,12,RÉGIMEN GENERAL,333417.9
YURA,AREQUIPA,2022,1,PEQUEÑO PRODUCTOR MINERO,9.0
YURA,AREQUIPA,2022,1,PRODUCTOR MINERO ARTESANAL,1071.0
YURA,AREQUIPA,2022,1,RÉGIMEN GENERAL,316966.8
YURA,AREQUIPA,2022,2,PEQUEÑO PRODUCTOR MINERO,11.0
YURA,AREQUIPA,2022,2,PRODUCTOR MINERO ARTESANAL,805.0
YURA,AREQUIPA,2022,2,RÉGIMEN GENERAL,83832.0
YURA,AREQUIPA,2022,3,PEQUEÑO PRODUCTOR MINERO,8.0
YURA,AREQUIPA,2022,3,PRODUCTOR MINERO ARTESANAL,19.0
YURA,AREQUIPA,2022,3,RÉGIMEN GENERAL,329936.3
YURA,AREQUIPA,2022,4,PEQUEÑO PRODUCTOR MINERO,8.0
YURA,AREQUIPA,2022,4,PRODUCTOR MINERO ARTESANAL,20.0
YURA,AREQUIPA,2022,4,RÉGIMEN GENERAL,296121.9
YURA,AREQUIPA,2022,5,PEQUEÑO PRODUCTOR MINERO,23.0
YURA,AREQUIPA,2022,5,PRODUCTOR MINERO ARTESANAL,6.0
YURA,AREQUIPA,2022,5,RÉGIMEN GENERAL,411527.1
YURA,AREQUIPA,2022,6,PEQUEÑO PRODUCTOR MINERO,29.0
YURA,AREQUIPA,2022,6,PRODUCTOR MINERO ARTESANAL,25.5
YURA,AREQUIPA,2022,6,RÉGIMEN GENERAL,365198.5
YURA,AREQUIPA,2022,7,PEQUEÑO PRODUCTOR MINERO,30.0
YURA,AREQUIPA,2022,7,PRODUCTOR MINERO ARTESANAL,8.0
YURA,AREQUIPA,2022,7,RÉGIMEN GENERAL,413002.0
YURA,AREQUIPA,2022,8,PEQUEÑO PRODUCTOR MINERO,10.0
YURA,AREQUIPA,2022,8,PRODUCTOR MINERO ARTESANAL,23.0
YURA,AREQUIPA,2022,8,RÉGIMEN GENERAL,371102.8
YURA,AREQUIPA,2022,9,PEQUEÑO PRODUCTOR MINERO,14.0
YURA,AREQUIPA,2022,9,PRODUCTOR MINERO ARTESANAL,23.0
YURA,AREQUIPA,2022,9,RÉGIMEN GENERAL,250408.0
YURA,AREQUIPA,2022,10,PEQUEÑO PRODUCTOR MINERO,33.0
YURA,AREQUIPA,2022,10,PRODUCTOR MINERO ARTESANAL,37.0
YURA,AREQUIPA,2022,10,RÉGIMEN GENERAL,435982.4
YURA,AREQUIPA,2022,11,PEQUEÑO PRODUCTOR MINERO,38.0
YURA,AREQUIPA,2022,11,PRODUCTOR MINERO ARTESANAL,30.0
YURA,AREQUIPA,2022,11,RÉGIMEN GENERAL,449038.1
YURA,AREQUIPA,2022,12,PEQUEÑO PRODUCTOR MINERO,27.0
YURA,AREQUIPA,2022,12,PRODUCTOR MINERO ARTESANAL,33.0
YURA,AREQUIPA,2022,12,RÉGIMEN GENERAL,468238.8
YURA,AREQUIPA,2023,1,PEQUEÑO PRODUCTOR MINERO,15.0
YURA,AREQUIPA,2023,1,PRODUCTOR MINERO ARTESANAL,29.0
YURA,AREQUIPA,2023,1,RÉGIMEN GENERAL,330720.5
YURA,AREQUIPA,2023,2,PEQUEÑO PRODUCTOR MINERO,44.0
YURA,AREQUIPA,2023,2,PRODUCTOR MINERO ARTESANAL,3486.0
YURA,AREQUIPA,2023,2,RÉGIMEN GENERAL,86662.1
YURA,AREQUIPA,2023,3,PEQUEÑO PRODUCTOR MINERO,30.0
YURA,AREQUIPA,2023,3,PRODUCTOR MINERO ARTESANAL,1522.0
YURA,AREQUIPA,2023,3,RÉGIMEN GENERAL,350368.2
YURA,AREQUIPA,2023,4,PEQUEÑO PRODUCTOR MINERO,19.0
YURA,AREQUIPA,2023,4,PRODUCTOR MINERO ARTESANAL,13.0
YURA,AREQUIPA,2023,4,RÉGIMEN GENERAL,275984.9
YURA,AREQUIPA,2023,5,PEQUEÑO PRODUCTOR MINERO,0.0
YURA,AREQUIPA,2023,5,PRODUCTOR MINERO ARTESANAL,833.0
YURA,AREQUIPA,2023,5,RÉGIMEN GENERAL,350783.6
YURA,AREQUIPA,2023,6,PEQUEÑO PRODUCTOR MINERO,12.0
YURA,AREQUIPA,2023,6,PRODUCTOR MINERO ARTESANAL,329.0
YURA,AREQUIPA,2023,6,RÉGIMEN GENERAL,403489.4
YURA,AREQUIPA,2023,7,PEQUEÑO PRODUCTOR MINERO,0.0
YURA,AREQUIPA,2023,7,PRODUCTOR MINERO ARTESANAL,1411.0
YURA,AREQUIPA,2023,7,RÉGIMEN GENERAL,389316.6
YURA,AREQUIPA,2023,8,PEQUEÑO PRODUCTOR MINERO,37.0
YURA,AREQUIPA,2023,8,PRODUCTOR MINERO ARTESANAL,634.0
YURA,AREQUIPA,2023,8,RÉGIMEN GENERAL,325571.5
YURA,AREQUIPA,2023,9,PEQUEÑO PRODUCTOR MINERO,25.0
YURA,AREQUIPA,2023,9,PRODUCTOR MINERO ARTESANAL,0.0
YURA,AREQUIPA,2023,9,RÉGIMEN GENERAL,616366.74
YURA,AREQUIPA,2023,10,PEQUEÑO PRODUCTOR MINERO,22.0
YURA,AREQUIPA,2023,10,PRODUCTOR MINERO ARTESANAL,0.0
YURA,AREQUIPA,2023,10,RÉGIMEN GENERAL,369242.56
YURA,AREQUIPA,2023,11,PEQUEÑO PRODUCTOR MINERO,11.0
YURA,AREQUIPA,2023,11,PRODUCTOR MINERO ARTESANAL,31.2
YURA,AREQUIPA,2023,11,RÉGIMEN GENERAL,129827.0
YURA,AREQUIPA,2023,12,PEQUEÑO PRODUCTOR MINERO,47.0
YURA,AREQUIPA,2023,12,PRODUCTOR MINERO ARTESANAL,138.7
YURA,AREQUIPA,2023,12,RÉGIMEN GENERAL,228537.2
YURA,AREQUIPA,2024,1,PEQUEÑO PRODUCTOR MINERO,27.0
YURA,AREQUIPA,2024,1,PRODUCTOR MINERO ARTESANAL,0.0
YURA,AREQUIPA,2024,1,RÉGIMEN GENERAL,549792.3
YURA,AREQUIPA,2024,2,PEQUEÑO PRODUCTOR MINERO,0.0
YURA,AREQUIPA,2024,2,PRODUCTOR MINERO ARTESANAL,0.0
YURA,AREQUIPA,2024,2,RÉGIMEN GENERAL,86794.0
YURA,AREQUIPA,2024,3,PEQUEÑO PRODUCTOR MINERO,0.0
YURA,AREQUIPA,2024,3,PRODUCTOR MINERO ARTESANAL,0.0
YURA,AREQUIPA,2024,3,RÉGIMEN GENERAL,190429.0
YURA,AREQUIPA,2024,4,PEQUEÑO PRODUCTOR MINERO,32.0
YURA,AREQUIPA,2024,4,PRODUCTOR MINERO ARTESANAL,0.0
YURA,AREQUIPA,2024,4,RÉGIMEN GENERAL,375391.5
YURA,AREQUIPA,2024,5,PEQUEÑO PRODUCTOR MINERO,18.0
YURA,AREQUIPA,2024,5,PRODUCTOR MINERO ARTESANAL,27.0
YURA,AREQUIPA,2024,5,RÉGIMEN GENERAL,384889.1
YURA,AREQUIPA,2024,6,PEQUEÑO PRODUCTOR MINERO,37.0
YURA,AREQUIPA,2024,6,PRODUCTOR MINERO ARTESANAL,29.0
YURA,AREQUIPA,2024,6,RÉGIMEN GENERAL,267465.64
YURA,AREQUIPA,2024,7,PEQUEÑO PRODUCTOR MINERO,50.0
YURA,AREQUIPA,2024,7,PRODUCTOR MINERO ARTESANAL,35.0
YURA,AREQUIPA,2024,7,RÉGIMEN GENERAL,322488.6
YURA,AREQUIPA,2024,8,PEQUEÑO PRODUCTOR MINERO,42.0
YURA,AREQUIPA,2024,8,PRODUCTOR MINERO ARTESANAL,59.0
YURA,AREQUIPA,2024,8,RÉGIMEN GENERAL,412705.25
YURA,AREQUIPA,2024,9,PEQUEÑO PRODUCTOR MINERO,27.0
YURA,AREQUIPA,2024,9,PRODUCTOR MINERO ARTESANAL,471.0
YURA,AREQUIPA,2024,9,RÉGIMEN GENERAL,368354.45
YURA,AREQUIPA,2024,10,PEQUEÑO PRODUCTOR MINERO,80.0
YURA,AREQUIPA,2024,10,PRODUCTOR MINERO ARTESANAL,358.0
YURA,AREQUIPA,2024,10,RÉGIMEN GENERAL,346965.55
YURA,AREQUIPA,2024,11,PEQUEÑO PRODUCTOR MINERO,56.0
YURA,AREQUIPA,2024,11,PRODUCTOR MINERO ARTESANAL,526.0
YURA,AREQUIPA,2024,11,RÉGIMEN GENERAL,303694.18
YURA,AREQUIPA,2024,12,PEQUEÑO PRODUCTOR MINERO,0.0
YURA,AREQUIPA,2024,12,PRODUCTOR MINERO ARTESANAL,16.0
YURA,AREQUIPA,2024,12,RÉGIMEN GENERAL,285455.1
